municipality_code,municipality_name,som_profile,promethee_rank,promethee_net_flow,top_10,top_quartile,robustness_top_quartile_probability,e2sfca_score__creas,e2sfca_score__health,e2sfca_score__specialized_justice,e2sfca_score__specialized_security,e2sfca_percentile__creas,e2sfca_percentile__health,e2sfca_percentile__specialized_justice,e2sfca_percentile__specialized_security,e2sfca_services_observed,e2sfca_complete_service_coverage,e2sfca_mean_within_service_percentile_complete_only,integrated_descriptive_pattern,promethee_top_quartile_and_lower_e2sfca
1507805,Senador José Porfírio,4,1,0.2604714688433681,True,True,0.9887,2.4169987937695147e-06,0.0,0.0,0.0,0.03496503496503497,0.1048951048951049,0.24125874125874125,0.10139860139860139,4,True,0.12062937062937064,Lower E2SFCA accessibility quartile,True
1506401,Santa Cruz do Arari,3,2,0.2584090483161511,True,True,0.911,0.0,0.0,0.0,0.0,0.01048951048951049,0.1048951048951049,0.24125874125874125,0.10139860139860139,4,True,0.11451048951048952,Lower E2SFCA accessibility quartile,True
1506583,Santa Maria das Barreiras,3,3,0.2186650072098575,True,True,0.9396,5.238586325095088e-05,4.665703105678468e-05,0.0,8.311113716103114e-06,0.6783216783216783,0.9440559440559441,0.24125874125874125,0.8251748251748252,4,True,0.6722027972027973,Higher E2SFCA accessibility quartile,False
1501253,Bannach,3,4,0.2178327047212709,True,True,0.9473,4.344715083692076e-05,1.305681690154416e-05,0.0,6.153310086682178e-06,0.5174825174825175,0.5874125874125874,0.24125874125874125,0.7202797202797203,4,True,0.5166083916083917,Intermediate E2SFCA accessibility,False
1508050,Trairão,3,5,0.2084886889234546,True,True,0.985,0.0,0.0001012913643053,0.0,0.0,0.01048951048951049,0.9790209790209791,0.24125874125874125,0.10139860139860139,4,True,0.3330419580419581,Lower E2SFCA accessibility quartile,True
1505635,Piçarra,3,6,0.192139634361444,True,True,0.8955,2.5076834529792732e-05,2.531644769107268e-06,6.244949508304206e-07,2.6720862173029507e-06,0.17482517482517482,0.23776223776223776,0.6013986013986014,0.34965034965034963,4,True,0.3409090909090909,Lower E2SFCA accessibility quartile,True
1505551,Pau D'Arco,3,7,0.1763407974244889,True,True,0.8203,6.950844733387018e-05,1.427814490712812e-05,0.0,8.769852754172259e-06,0.8531468531468531,0.6153846153846154,0.24125874125874125,0.8461538461538461,4,True,0.638986013986014,Higher E2SFCA accessibility quartile,False
1501105,Bagre,4,8,0.1671143700314881,True,True,1.0,2.3494042015517757e-06,0.0,0.0,2.3494042015517757e-06,0.027972027972027972,0.1048951048951049,0.24125874125874125,0.3146853146853147,4,True,0.1722027972027972,Lower E2SFCA accessibility quartile,True
1505494,Palestina do Pará,3,9,0.1487911343219443,True,True,0.7393,3.024862892126392e-05,3.335564750505324e-06,2.534146450805934e-06,2.6561769993518284e-06,0.3076923076923077,0.26573426573426573,0.7832167832167832,0.34265734265734266,4,True,0.42482517482517484,Intermediate E2SFCA accessibility,False
1507755,Sapucaia,1,10,0.1401018858586221,True,True,0.686,4.9393503959154735e-05,1.6099949719882845e-05,0.0,1.4616894776670306e-05,0.6363636363636364,0.6573426573426573,0.24125874125874125,0.9440559440559441,4,True,0.6197552447552448,Higher E2SFCA accessibility quartile,False
1502608,Colares,2,11,0.1349953295632244,False,True,0.6828,1.4223462115627292e-05,3.515224498511017e-06,2.7069911546839583e-06,2.6771954058893373e-06,0.04895104895104895,0.2727272727272727,0.9265734265734266,0.35664335664335667,4,True,0.40122377622377625,Intermediate E2SFCA accessibility,False
1502764,Cumaru do Norte,3,12,0.1164656660165274,False,True,0.739,2.567990635593142e-05,8.096863019119469e-06,0.0,6.5842440731413856e-06,0.18181818181818182,0.43356643356643354,0.24125874125874125,0.7552447552447552,4,True,0.40297202797202797,Intermediate E2SFCA accessibility,False
1501006,Aveiro,4,13,0.115383841213345,False,True,0.8748,0.0002234028037056,0.0001108155615551,0.0,2.550587054635275e-06,0.993006993006993,0.986013986013986,0.24125874125874125,0.3356643356643357,4,True,0.6389860139860141,Higher E2SFCA accessibility quartile,False
1500131,Abel Figueiredo,1,14,0.1144194981219159,False,True,0.5827,4.199729160657377e-05,4.22904508162057e-06,2.7304276122683573e-06,2.861909981483442e-06,0.48951048951048953,0.32167832167832167,0.9475524475524476,0.38461538461538464,4,True,0.5358391608391608,Intermediate E2SFCA accessibility,False
1500305,Afuá,4,15,0.1108611480157066,False,True,0.805,,,,,,,,,0,False,,E2SFCA coverage incomplete,False
1503408,Inhangapi,3,16,0.1106825449812666,False,True,0.5629,4.130854061427952e-05,1.987177841319738e-05,2.706991154683958e-06,4.012623166883814e-06,0.4755244755244755,0.7272727272727273,0.8951048951048951,0.5384615384615384,4,True,0.6590909090909091,Higher E2SFCA accessibility quartile,False
1504000,Limoeiro do Ajuru,4,17,0.1048824948316475,False,True,0.7181,4.678576244962855e-05,0.0,0.0,2.1972035089632425e-05,0.5804195804195804,0.1048951048951049,0.24125874125874125,0.986013986013986,4,True,0.4781468531468531,Intermediate E2SFCA accessibility,False
1503754,Jacareacanga,4,18,0.1033477298449179,False,True,0.9592,0.000181983621474,0.0,0.0,0.0,0.9790209790209791,0.1048951048951049,0.24125874125874125,0.10139860139860139,4,True,0.35664335664335667,Lower E2SFCA accessibility quartile,True
1504752,Mojuí dos Campos,2,19,0.0970757850795652,False,True,0.8786,1.8236802698116983e-05,3.0553437057129336e-05,6.084206202523647e-06,6.084206202523647e-06,0.07692307692307693,0.8881118881118881,0.993006993006993,0.7132867132867133,4,True,0.6678321678321678,Higher E2SFCA accessibility quartile,False
1506005,Prainha,4,20,0.0954663631460132,False,True,0.8168,2.8794886093811683e-05,3.30447976771496e-07,1.65223988385748e-07,1.65223988385748e-07,0.24475524475524477,0.22377622377622378,0.5314685314685315,0.21678321678321677,4,True,0.30419580419580416,Lower E2SFCA accessibility quartile,True
1505031,Novo Progresso,1,21,0.0947172866364539,False,True,0.678,4.109552133846578e-05,0.0,0.0,0.0,0.46853146853146854,0.1048951048951049,0.24125874125874125,0.10139860139860139,4,True,0.229020979020979,Lower E2SFCA accessibility quartile,True
1507961,Terra Alta,2,22,0.0934273457971076,False,True,0.4634,3.324928272947222e-05,1.005039312988967e-05,2.706991154683958e-06,3.4644079257172528e-06,0.35664335664335667,0.5034965034965035,0.8951048951048951,0.4755244755244755,4,True,0.5576923076923077,Intermediate E2SFCA accessibility,False
1502509,Chaves,4,23,0.0924502716813248,False,True,0.6926,0.0004315925766076,0.0,0.0,0.0,1.0,0.1048951048951049,0.24125874125874125,0.10139860139860139,4,True,0.36188811188811193,Lower E2SFCA accessibility quartile,True
1504455,Medicilândia,3,24,0.0858163760354935,False,True,0.7321,7.443636515187524e-05,3.772865839137005e-05,0.0,1.3476544075037398e-05,0.8671328671328671,0.9090909090909091,0.24125874125874125,0.9335664335664335,4,True,0.7377622377622377,Higher E2SFCA accessibility quartile,False
1505650,Placas,3,25,0.0839710477065152,False,True,0.7381,6.910717713877748e-05,7.003579995018403e-05,2.6302049652097528e-08,2.6302049652097528e-08,0.8461538461538461,0.958041958041958,0.4965034965034965,0.2097902097902098,4,True,0.6276223776223777,Higher E2SFCA accessibility quartile,False
1501451,Belterra,2,26,0.0831903437426402,False,True,0.7139,2.248552968789985e-05,4.41333900025682e-05,6.242353117431147e-06,6.242353117431147e-06,0.15384615384615385,0.9370629370629371,1.0,0.7272727272727273,4,True,0.7045454545454546,Higher E2SFCA accessibility quartile,False
1500404,Alenquer,4,27,0.0827019958203452,False,True,0.6426,3.937478924914908e-05,0.0,0.0,0.0,0.4405594405594406,0.1048951048951049,0.24125874125874125,0.10139860139860139,4,True,0.222027972027972,Lower E2SFCA accessibility quartile,True
1504802,Monte Alegre,2,28,0.0824413601816144,False,True,0.6255,6.654810475586503e-05,0.0,0.0,0.0,0.8321678321678322,0.1048951048951049,0.24125874125874125,0.10139860139860139,4,True,0.31993006993006995,Lower E2SFCA accessibility quartile,True
1504505,Melgaço,4,29,0.0780739344844562,False,True,0.6191,0.0002025521571804,0.0,0.0,0.0,0.986013986013986,0.1048951048951049,0.24125874125874125,0.10139860139860139,4,True,0.3583916083916084,Lower E2SFCA accessibility quartile,True
1501725,Brasil Novo,3,30,0.072512121798778,False,True,0.3855,7.027336106698121e-05,4.074592186561891e-05,0.0,1.3476544075037396e-05,0.8601398601398601,0.916083916083916,0.24125874125874125,0.9230769230769231,4,True,0.7351398601398602,Higher E2SFCA accessibility quartile,False
1502806,Curralinho,4,31,0.0720501265038291,False,True,0.5638,0.0001517911353976,0.0,0.0,0.0,0.9370629370629371,0.1048951048951049,0.24125874125874125,0.10139860139860139,4,True,0.3461538461538462,Lower E2SFCA accessibility quartile,True
1504901,Muaná,4,32,0.0719723401825703,False,True,0.5725,9.607070804111828e-05,0.0,0.0,0.0,0.9090909090909091,0.1048951048951049,0.24125874125874125,0.10139860139860139,4,True,0.33916083916083917,Lower E2SFCA accessibility quartile,True
1500347,Água Azul do Norte,3,33,0.0714183921057945,False,True,0.493,5.342895242140356e-05,1.888438122152912e-05,0.0,5.363659708476068e-06,0.6853146853146853,0.7132867132867133,0.24125874125874125,0.6573426573426573,4,True,0.5743006993006994,Intermediate E2SFCA accessibility,False
1503101,Gurupá,4,34,0.0692713072763021,False,True,0.5159,0.0001544401544401,0.0,0.0,0.0,0.9440559440559441,0.1048951048951049,0.24125874125874125,0.10139860139860139,4,True,0.3479020979020979,Lower E2SFCA accessibility quartile,True
1502004,Cachoeira do Arari,3,35,0.0692613461229705,False,True,0.5223,0.0001326435866825,0.0,0.0,0.0,0.9300699300699301,0.1048951048951049,0.24125874125874125,0.10139860139860139,4,True,0.34440559440559443,Lower E2SFCA accessibility quartile,True
1505205,Oeiras do Pará,4,36,0.0692479840431148,False,True,0.4319,0.0001036366216154,0.0,0.0,7.040442797870926e-06,0.916083916083916,0.1048951048951049,0.24125874125874125,0.7762237762237763,4,True,0.5096153846153846,Intermediate E2SFCA accessibility,False
1500859,Anapu,4,37,0.0689404665976639,False,False,0.5003,5.920091432678823e-05,2.2647943524624897e-05,0.0,0.0,0.7412587412587412,0.7762237762237763,0.24125874125874125,0.10139860139860139,4,True,0.46503496503496505,Intermediate E2SFCA accessibility,False
1507706,São Sebastião da Boa Vista,4,38,0.0678956590170929,False,False,0.4833,0.0001799532121648,0.0,0.0,0.0,0.972027972027972,0.1048951048951049,0.24125874125874125,0.10139860139860139,4,True,0.3548951048951049,Lower E2SFCA accessibility quartile,False
1503044,Floresta do Araguaia,3,39,0.067829954692994,False,False,0.4585,4.075191537320624e-05,1.2438765553722656e-05,0.0,7.334697034434561e-06,0.45454545454545453,0.5594405594405595,0.24125874125874125,0.7972027972027972,4,True,0.5131118881118881,Intermediate E2SFCA accessibility,False
1500701,Anajás,4,40,0.0677989944554758,False,False,0.4817,0.0001633986928104,0.0,0.0,0.0,0.965034965034965,0.1048951048951049,0.24125874125874125,0.10139860139860139,4,True,0.3531468531468532,Lower E2SFCA accessibility quartile,False
1505106,Óbidos,3,41,0.0644899803839128,False,False,0.3896,8.189166187014421e-05,0.0,0.0,0.0,0.8811188811188811,0.1048951048951049,0.24125874125874125,0.10139860139860139,4,True,0.3321678321678322,Lower E2SFCA accessibility quartile,False
1505809,Portel,4,42,0.0631857290009637,False,False,0.409,6.410667350471184e-05,0.0,0.0,0.0,0.8181818181818182,0.1048951048951049,0.24125874125874125,0.10139860139860139,4,True,0.31643356643356646,Lower E2SFCA accessibility quartile,False
1508159,Uruará,3,43,0.0631741381021833,False,False,0.2385,9.502661736274996e-05,4.36285743761e-05,0.0,1.2986001438288848e-06,0.9020979020979021,0.9300699300699301,0.24125874125874125,0.25874125874125875,4,True,0.583041958041958,Intermediate E2SFCA accessibility,False
1502707,Conceição do Araguaia,1,44,0.0605681595408445,False,False,0.4101,3.183495784949987e-05,8.54526346003566e-06,0.0,8.519705222536919e-06,0.32867132867132864,0.4405594405594406,0.24125874125874125,0.8321678321678322,4,True,0.4606643356643356,Intermediate E2SFCA accessibility,False
1505304,Oriximiná,3,45,0.0595590182455972,False,False,0.3324,4.679015893907776e-05,0.0,0.0,0.0,0.5874125874125874,0.1048951048951049,0.24125874125874125,0.10139860139860139,4,True,0.25874125874125875,Lower E2SFCA accessibility quartile,False
1505700,Ponta de Pedras,3,46,0.0584244454483392,False,False,0.3313,0.000124347177319,0.0,0.0,0.0,0.9230769230769231,0.1048951048951049,0.24125874125874125,0.10139860139860139,4,True,0.34265734265734266,Lower E2SFCA accessibility quartile,False
1507508,São João do Araguaia,3,47,0.0566145771507987,False,False,0.4284,4.862539682996547e-05,4.22904508162057e-06,2.7304276122683578e-06,2.8857474862410565e-06,0.6153846153846154,0.32167832167832167,0.972027972027972,0.4125874125874126,4,True,0.5804195804195804,Intermediate E2SFCA accessibility,False
1500503,Almeirim,3,48,0.0549041996338014,False,False,0.3451,7.810669374365382e-05,0.0,0.0,0.0,0.8741258741258742,0.1048951048951049,0.24125874125874125,0.10139860139860139,4,True,0.33041958041958047,Lower E2SFCA accessibility quartile,False
1505064,Novo Repartimento,3,49,0.0506776425614673,False,False,0.3651,4.450937809686415e-05,1.856256652647441e-05,8.68930409432556e-08,7.803986202150805e-06,0.5524475524475524,0.7062937062937062,0.5104895104895105,0.8111888111888111,4,True,0.6451048951048951,Higher E2SFCA accessibility quartile,False
1503705,Itupiranga,3,50,0.0491514482370173,False,False,0.3505,3.006854628264623e-05,3.089096995313707e-06,2.159327408811176e-06,2.2902355553470608e-06,0.3006993006993007,0.2517482517482518,0.7202797202797203,0.3076923076923077,4,True,0.39510489510489516,Intermediate E2SFCA accessibility,False
1501758,Brejo Grande do Araguaia,3,51,0.0453705340733769,False,False,0.2994,3.3266369971082466e-05,3.21719637585028e-06,2.7304276122683578e-06,2.8619099814834425e-06,0.36363636363636365,0.25874125874125875,0.972027972027972,0.3986013986013986,4,True,0.4982517482517482,Intermediate E2SFCA accessibility,False
1508084,Tucumã,1,52,0.041340670303923,False,False,0.3312,5.8834235016438594e-05,1.6541758390788123e-05,0.0,1.8328781685881332e-05,0.7342657342657343,0.6713286713286714,0.24125874125874125,0.9790209790209791,4,True,0.6564685314685315,Higher E2SFCA accessibility quartile,False
1507458,São Geraldo do Araguaia,3,53,0.0391214173313815,False,False,0.2639,2.705321381961065e-05,3.165447330932771e-07,2.038765910834721e-06,1.3422179651352249e-06,0.21678321678321677,0.21678321678321677,0.7062937062937062,0.26573426573426573,4,True,0.35139860139860135,Lower E2SFCA accessibility quartile,False
1506161,Rio Maria,1,54,0.0376067364432616,False,False,0.2888,4.450682824582153e-05,1.364408806673061e-05,0.0,1.1892155833046691e-05,0.5454545454545454,0.5944055944055944,0.24125874125874125,0.9090909090909091,4,True,0.5725524475524475,Intermediate E2SFCA accessibility,False
1506302,Salvaterra,3,55,0.0374121950678801,False,False,0.1906,9.16590284142988e-05,0.0,0.0,0.0,0.8951048951048951,0.1048951048951049,0.24125874125874125,0.10139860139860139,4,True,0.3356643356643357,Lower E2SFCA accessibility quartile,False
1500206,Acará,3,56,0.0339889225426072,False,False,0.2268,1.9056031676781432e-05,7.876257934320748e-06,2.3270789679338955e-06,3.854201651586366e-06,0.09090909090909091,0.4125874125874126,0.7412587412587412,0.48951048951048953,4,True,0.4335664335664336,Intermediate E2SFCA accessibility,False
1507466,São João da Ponta,2,57,0.0335587425663323,False,False,0.2163,2.004955880999729e-05,7.722576218974936e-06,2.4350745019645794e-06,3.086903212045957e-06,0.0979020979020979,0.3986013986013986,0.7552447552447552,0.43356643356643354,4,True,0.4213286713286713,Intermediate E2SFCA accessibility,False
1502954,Eldorado do Carajás,3,58,0.0326476463381706,False,False,0.1857,5.533851131091541e-05,1.2566605088297994e-05,2.7304276122683578e-06,1.013110344856995e-05,0.7202797202797203,0.5734265734265734,0.972027972027972,0.8671328671328671,4,True,0.7832167832167832,Higher E2SFCA accessibility quartile,False
1501576,Bom Jesus do Tocantins,2,59,0.0320872037892815,False,False,0.115,4.5505440840769785e-05,4.229045081620569e-06,2.7304276122683573e-06,2.8619099814834425e-06,0.5664335664335665,0.3076923076923077,0.9475524475524476,0.3986013986013986,4,True,0.5550699300699301,Intermediate E2SFCA accessibility,False
1503002,Faro,4,60,0.0298574634959112,False,False,0.1546,0.0001554161117156,0.0,0.0,0.0,0.951048951048951,0.1048951048951049,0.24125874125874125,0.10139860139860139,4,True,0.34965034965034963,Lower E2SFCA accessibility quartile,False
1501782,Breu Branco,3,61,0.0282754958997749,False,False,0.0785,3.096273775345501e-05,9.506900292136832e-07,0.0,1.0286372613561551e-05,0.3146853146853147,0.23076923076923078,0.24125874125874125,0.8846153846153846,4,True,0.4178321678321678,Intermediate E2SFCA accessibility,False
1507201,São Domingos do Capim,3,62,0.0262748789894589,False,False,0.1606,3.404136970900555e-05,2.2067333263288125e-05,6.344938144983468e-07,3.462370694191104e-06,0.3776223776223776,0.7552447552447552,0.6083916083916084,0.46853146853146854,4,True,0.5524475524475525,Intermediate E2SFCA accessibility,False
1501956,Cachoeira do Piriá,3,63,0.0262739807049444,False,False,0.1042,4.419269785836176e-05,1.7606001528840955e-05,2.134150104809678e-07,2.098851365555692e-06,0.5384615384615384,0.6853146853146853,0.5384615384615384,0.2937062937062937,4,True,0.513986013986014,Intermediate E2SFCA accessibility,False
1507979,Terra Santa,2,64,0.0235380434844495,False,False,0.1243,0.0001580469050917,0.0,0.0,0.0,0.958041958041958,0.1048951048951049,0.24125874125874125,0.10139860139860139,4,True,0.3513986013986014,Lower E2SFCA accessibility quartile,False
1506187,Rondon do Pará,1,65,0.0216065136448735,False,False,0.0409,3.441408644393978e-05,4.040698568920748e-06,2.359598471891454e-06,2.473223750249536e-06,0.38461538461538464,0.2867132867132867,0.7482517482517482,0.32867132867132864,4,True,0.4370629370629371,Intermediate E2SFCA accessibility,False
1507151,São Domingos do Araguaia,3,66,0.0207350615002259,False,False,0.1072,4.8940113976549785e-05,4.264835892754648e-06,2.7304276122683573e-06,2.895334100573445e-06,0.6223776223776224,0.3356643356643357,0.9475524475524476,0.4195804195804196,4,True,0.5812937062937064,Intermediate E2SFCA accessibility,False
1503093,Goianésia do Pará,3,67,0.0153036040879273,False,False,0.0008,4.488543555491808e-05,4.060608386996283e-06,0.0,9.45748131809274e-06,0.5594405594405595,0.2937062937062937,0.24125874125874125,0.8531468531468531,4,True,0.4868881118881119,Intermediate E2SFCA accessibility,False
1506906,Santarém Novo,2,68,0.0118922976137057,False,False,0.0819,4.739300062407083e-05,1.2844014626926045e-05,8.248027809397345e-07,4.130176597898032e-06,0.6013986013986014,0.5804195804195804,0.6363636363636364,0.5594405594405595,4,True,0.5944055944055944,Intermediate E2SFCA accessibility,False
1503309,Igarapé-Miri,3,69,0.0115501194501297,False,False,0.0023,2.9283075685271205e-05,1.653287315474641e-05,1.7429073350082555e-06,3.365365245588262e-06,0.26573426573426573,0.6643356643356644,0.6993006993006993,0.46153846153846156,4,True,0.5227272727272727,Intermediate E2SFCA accessibility,False
1508035,Tracuateua,2,70,0.0105405011961246,False,False,0.0441,4.373313336922769e-05,1.134026059733717e-05,6.139298734186522e-07,3.919300990753173e-06,0.5314685314685315,0.5244755244755245,0.5734265734265734,0.5104895104895105,4,True,0.5349650349650349,Intermediate E2SFCA accessibility,False
1503507,Irituia,3,71,0.0102795586472822,False,False,0.0912,6.234801732051081e-05,2.4803337852970728e-05,9.71260757747662e-07,7.117349315776065e-06,0.7902097902097902,0.8321678321678322,0.6433566433566433,0.7832167832167832,4,True,0.7622377622377623,Higher E2SFCA accessibility quartile,False
1502772,Curionópolis,1,72,0.0092980632593199,False,False,0.1352,2.6872903411577903e-05,7.783919294110262e-06,2.647848552844616e-06,1.021832524328364e-05,0.20279720279720279,0.40559440559440557,0.8251748251748252,0.8741258741258742,4,True,0.5769230769230769,Intermediate E2SFCA accessibility,False
1500909,Augusto Corrêa,4,73,0.0085166444933417,False,False,0.0,3.793690274816092e-05,1.9514808440162928e-05,0.0,3.3053240369145604e-06,0.43356643356643354,0.7202797202797203,0.24125874125874125,0.44755244755244755,4,True,0.4606643356643356,Intermediate E2SFCA accessibility,False
1501907,Bujaru,3,74,0.0073292853630676,False,False,0.0456,2.817130831403884e-05,2.118815368678894e-05,2.686970589507237e-06,4.2314924798222695e-06,0.23776223776223776,0.7412587412587412,0.8461538461538461,0.5804195804195804,4,True,0.6013986013986014,Intermediate E2SFCA accessibility,False
1503457,Ipixuna do Pará,4,75,0.0070586908876918,False,False,0.0,4.03877843449695e-05,1.7976911010265237e-05,8.815118140842249e-08,6.5619496873552695e-06,0.44755244755244755,0.6993006993006993,0.5174825174825175,0.7482517482517482,4,True,0.6031468531468531,Intermediate E2SFCA accessibility,False
1508126,Ulianópolis,1,76,0.0065462724639297,False,False,0.0001,3.548572753512035e-05,0.0,0.0,6.275004720149372e-06,0.4125874125874126,0.1048951048951049,0.24125874125874125,0.7342657342657343,4,True,0.3732517482517482,Lower E2SFCA accessibility quartile,False
1504307,Maracanã,2,77,0.0063365415368734,False,False,0.0092,3.2729299337691886e-05,8.984003783924787e-06,1.1244964922059764e-06,2.445321697022553e-06,0.34265734265734266,0.45454545454545453,0.6573426573426573,0.32167832167832167,4,True,0.44405594405594406,Intermediate E2SFCA accessibility,False
1504950,Nova Esperança do Piriá,4,78,0.0016342859869448,False,False,0.0,2.997727982816258e-05,1.987287350166328e-05,0.0,1.9135481463509418e-06,0.2937062937062937,0.7342657342657343,0.24125874125874125,0.27972027972027974,4,True,0.38723776223776224,Intermediate E2SFCA accessibility,False
1504604,Mocajuba,3,79,0.0008603611837649,False,False,0.0,2.236730942419949e-05,1.2503364316562734e-05,0.0,1.729348087707284e-06,0.14685314685314685,0.5664335664335665,0.24125874125874125,0.2727272727272727,4,True,0.3068181818181818,Lower E2SFCA accessibility quartile,False
1508001,Tomé-Açu,4,80,-0.0022495292283392,False,False,0.0,1.8007983628796312e-05,1.4505538730857856e-05,5.587877930394591e-09,1.99013533247419e-07,0.06993006993006994,0.6293706293706294,0.4825174825174825,0.22377622377622378,4,True,0.35139860139860135,Lower E2SFCA accessibility quartile,False
1502939,Dom Eliseu,1,81,-0.0029341604512423,False,False,0.0043,2.9280353587493013e-05,0.0,0.0,3.437634937913922e-07,0.25874125874125875,0.1048951048951049,0.24125874125874125,0.23076923076923078,4,True,0.2089160839160839,Lower E2SFCA accessibility quartile,False
1503077,Garrafão do Norte,2,82,-0.0030080276160496,False,False,0.0,3.443659577847771e-05,2.3620607241237824e-05,7.923974164358361e-09,1.176754696163418e-06,0.3916083916083916,0.7902097902097902,0.48951048951048953,0.2517482517482518,4,True,0.48076923076923084,Intermediate E2SFCA accessibility,False
1504109,Magalhães Barata,2,83,-0.0032889485175537,False,False,0.0001,2.9621684278106027e-05,7.689778405266363e-06,1.0378592988790273e-06,1.9248778403135463e-06,0.27972027972027974,0.3916083916083916,0.6503496503496503,0.2867132867132867,4,True,0.4020979020979021,Intermediate E2SFCA accessibility,False
1507102,São Caetano de Odivelas,2,84,-0.0064900141923871,False,False,0.0,1.7266665329651738e-05,4.40187654769731e-06,2.629727390839768e-06,2.735194004978302e-06,0.06293706293706294,0.34265734265734266,0.7972027972027972,0.36363636363636365,4,True,0.39160839160839167,Intermediate E2SFCA accessibility,False
1504406,Marapanim,2,85,-0.0078765413707083,False,False,0.0,2.103164329916827e-05,5.227714016078614e-06,1.6395106819347189e-06,2.260378279125657e-06,0.1258741258741259,0.34965034965034963,0.6923076923076923,0.3006993006993007,4,True,0.36713286713286714,Lower E2SFCA accessibility quartile,False
1503804,Jacundá,1,86,-0.0081059108664227,False,False,0.0045,2.9400534169961945e-05,4.142455296984605e-06,2.6444075886659085e-06,2.7717477068825174e-06,0.2727272727272727,0.3006993006993007,0.8181818181818182,0.3706293706293706,4,True,0.4405594405594406,Intermediate E2SFCA accessibility,False
1507953,Tailândia,1,87,-0.0105492263458496,False,False,0.0045,3.76063307767468e-05,1.065014092532202e-05,0.0,4.857965210057708e-07,0.42657342657342656,0.5104895104895105,0.24125874125874125,0.23776223776223776,4,True,0.354020979020979,Lower E2SFCA accessibility quartile,False
1506559,Santa Luzia do Pará,2,88,-0.0117057109093074,False,False,0.0,4.902938044966853e-05,1.3907685114987983e-05,6.689645373944025e-07,3.89933975531906e-06,0.6293706293706294,0.6013986013986014,0.6223776223776224,0.4965034965034965,4,True,0.5874125874125875,Intermediate E2SFCA accessibility,False
1502301,Capitão Poço,2,89,-0.0128805100312261,False,False,0.0,5.441122477584188e-05,2.4476043409543945e-05,5.528856941474857e-07,4.0150037787067055e-06,0.7062937062937062,0.8111888111888111,0.5524475524475524,0.5454545454545454,4,True,0.6538461538461539,Higher E2SFCA accessibility quartile,False
1507300,São Félix do Xingu,3,90,-0.0152759996342501,False,False,0.2372,3.2866051179548115e-05,7.92883941866893e-06,0.0,1.545125495006465e-05,0.34965034965034963,0.4195804195804196,0.24125874125874125,0.951048951048951,4,True,0.49038461538461536,Intermediate E2SFCA accessibility,False
1502905,Curuçá,2,91,-0.0154426125414361,False,False,0.0,2.0621500368894537e-05,8.026798335722742e-06,2.526432620925114e-06,3.2421950058504647e-06,0.1048951048951049,0.42657342657342656,0.7692307692307693,0.4405594405594406,4,True,0.43531468531468537,Intermediate E2SFCA accessibility,False
1507474,São João de Pirabas,2,92,-0.0190956498144693,False,False,0.0,4.1435955906231136e-05,9.736056015570223e-06,6.164167815770285e-07,3.921790598535326e-06,0.4825174825174825,0.4825174825174825,0.5944055944055944,0.5174825174825175,4,True,0.5192307692307692,Intermediate E2SFCA accessibility,False
1503903,Juruti,4,93,-0.0192650854942923,False,False,0.1473,4.254666147846263e-05,8.509332295692526e-05,0.0,0.0,0.5104895104895105,0.965034965034965,0.24125874125874125,0.10139860139860139,4,True,0.45454545454545453,Intermediate E2SFCA accessibility,False
1507409,São Francisco do Pará,2,94,-0.0207153848964647,False,False,0.0,5.008436108426829e-05,2.5211146454584123e-05,2.5292279106551725e-06,5.589658142988434e-06,0.6433566433566433,0.8391608391608392,0.7762237762237763,0.6713286713286714,4,True,0.7325174825174825,Higher E2SFCA accessibility quartile,False
1502756,Concórdia do Pará,3,95,-0.0221708669517228,False,False,0.0,3.269112121996385e-05,2.2528876001552416e-05,2.059634607635792e-06,6.82737980826524e-06,0.3356643356643357,0.7692307692307693,0.7132867132867133,0.7622377622377622,4,True,0.6451048951048951,Higher E2SFCA accessibility quartile,False
1506104,Primavera,2,96,-0.0251032851019016,False,False,0.0,4.6156364138430194e-05,9.969909037248864e-06,6.530453062619905e-07,3.958419123220287e-06,0.5734265734265734,0.48951048951048953,0.6153846153846154,0.5314685314685315,4,True,0.5524475524475525,Intermediate E2SFCA accessibility,False
1508357,Vitória do Xingu,3,97,-0.0286897834214388,False,False,0.0745,5.012111550730858e-05,4.125338968293261e-05,0.0,1.3476544075037398e-05,0.6503496503496503,0.9230769230769231,0.24125874125874125,0.9335664335664335,4,True,0.6870629370629371,Higher E2SFCA accessibility quartile,False
1505601,Peixe-Boi,2,98,-0.0312605059478248,False,False,0.0,5.51473076720622e-05,2.411871343667651e-05,1.390071862944307e-06,5.105858753547444e-06,0.7132867132867133,0.8041958041958042,0.6713286713286714,0.6503496503496503,4,True,0.7097902097902098,Higher E2SFCA accessibility quartile,False
1502855,Curuá,4,99,-0.0346076344370804,False,False,0.0953,5.939786799369012e-05,0.0,0.0,0.0,0.7482517482517482,0.1048951048951049,0.24125874125874125,0.10139860139860139,4,True,0.29895104895104896,Lower E2SFCA accessibility quartile,False
1506351,Santa Bárbara do Pará,3,100,-0.0357903962854864,False,False,0.0,2.729729209802334e-05,1.0806570961880824e-05,2.706991154683958e-06,5.050233767146898e-06,0.22377622377622378,0.5174825174825175,0.8951048951048951,0.6258741258741258,4,True,0.5655594405594405,Intermediate E2SFCA accessibility,False
1507003,Santo Antônio do Tauá,2,101,-0.0366320889990557,False,False,0.0,2.9644384174631105e-05,1.1618246969912187e-05,2.706991154683957e-06,4.610150288725208e-06,0.2867132867132867,0.5314685314685315,0.8636363636363636,0.5944055944055944,4,True,0.569055944055944,Intermediate E2SFCA accessibility,False
1506112,Quatipuru,2,102,-0.0387152746541249,False,False,0.0,3.665955695853737e-05,9.41236397994551e-06,6.164167815770284e-07,3.921790598535327e-06,0.4195804195804196,0.46853146853146854,0.5874125874125874,0.5244755244755245,4,True,0.5,Intermediate E2SFCA accessibility,False
1508209,Vigia,2,103,-0.0396709852178375,False,False,0.0,2.075864279105584e-05,7.625515893984084e-06,2.706991154683958e-06,3.0105465697785424e-06,0.11188811188811189,0.38461538461538464,0.8951048951048951,0.42657342657342656,4,True,0.4545454545454546,Intermediate E2SFCA accessibility,False
1504059,Mãe do Rio,2,104,-0.0432700393348272,False,False,0.0,5.0841714705205815e-05,2.241850241683033e-05,6.164167815770283e-07,7.930497779478886e-06,0.6643356643356644,0.7622377622377622,0.5804195804195804,0.8181818181818182,4,True,0.7062937062937064,Higher E2SFCA accessibility quartile,False
1506708,Santana do Araguaia,1,105,-0.0440317639312227,False,False,0.1759,5.040576641967841e-05,5.040576641967841e-05,0.0,0.0,0.6573426573426573,0.951048951048951,0.24125874125874125,0.10139860139860139,4,True,0.48776223776223776,Intermediate E2SFCA accessibility,False
1506203,Salinópolis,2,106,-0.0465445754759588,False,False,0.0,3.54336230903979e-05,9.395394183008284e-06,6.124851939040998e-07,3.917858693358702e-06,0.40559440559440557,0.46153846153846156,0.5664335664335665,0.5034965034965035,4,True,0.48426573426573427,Intermediate E2SFCA accessibility,False
1506195,Rurópolis,3,107,-0.0483237358608583,False,False,0.016,6.072383496753088e-05,0.000171229737232,0.0,0.0,0.7762237762237763,0.993006993006993,0.24125874125874125,0.10139860139860139,4,True,0.5279720279720279,Intermediate E2SFCA accessibility,False
1502103,Cametá,3,108,-0.0501082720650544,False,False,0.0908,4.2246484566005046e-05,2.994355103979736e-06,0.0,1.774481624799611e-05,0.4965034965034965,0.24475524475524477,0.24125874125874125,0.972027972027972,4,True,0.48863636363636365,Intermediate E2SFCA accessibility,False
1505007,Nova Timboteua,2,109,-0.0505385672378627,False,False,0.0,5.942507195539448e-05,2.740280066180079e-05,2.2701642990391974e-06,5.622152168507792e-06,0.7552447552447552,0.8531468531468531,0.7342657342657343,0.6783216783216783,4,True,0.7552447552447552,Higher E2SFCA accessibility quartile,False
1505908,Porto de Moz,4,110,-0.0507045249595508,False,False,0.0755,7.829547791997192e-09,9.435129812915556e-05,0.0,3.814116247652093e-09,0.02097902097902098,0.972027972027972,0.24125874125874125,0.20279720279720279,4,True,0.3592657342657342,Lower E2SFCA accessibility quartile,False
1505486,Pacajá,3,111,-0.0507736994530324,False,False,0.0907,6.399426411438909e-05,2.2770744147918755e-05,0.0,9.64302049330068e-07,0.8111888111888111,0.7832167832167832,0.24125874125874125,0.24475524475524477,4,True,0.5201048951048951,Intermediate E2SFCA accessibility,False
1503200,Igarapé-Açu,2,112,-0.0511478297722248,False,False,0.0,5.837142457102482e-05,2.793022430378103e-05,2.6559302957579413e-06,5.947337598175848e-06,0.7272727272727273,0.8811188811188811,0.8391608391608392,0.7062937062937062,4,True,0.7884615384615384,Higher E2SFCA accessibility quartile,False
1507607,São Miguel do Guamá,3,113,-0.0512126526526679,False,False,0.0,6.75998075969579e-05,2.757043416022442e-05,2.188563412750577e-06,1.0375340837163589e-05,0.8391608391608392,0.8601398601398601,0.7272727272727273,0.8951048951048951,4,True,0.8304195804195804,Higher E2SFCA accessibility quartile,False
1506609,Santa Maria do Pará,2,114,-0.051222359434999,False,False,0.0,6.339556489013707e-05,2.771211006513188e-05,2.634015073899705e-06,5.8212404443867815e-06,0.8041958041958042,0.8671328671328671,0.8111888111888111,0.6993006993006993,4,True,0.7954545454545454,Higher E2SFCA accessibility quartile,False
1506500,Santa Izabel do Pará,1,115,-0.0591047538289942,False,False,0.0,4.25426716886486e-05,1.4332140202318472e-05,2.706991154683957e-06,5.021985799034392e-06,0.5034965034965035,0.6223776223776224,0.8636363636363636,0.6153846153846154,4,True,0.6512237762237763,Higher E2SFCA accessibility quartile,False
1505437,Ourilândia do Norte,3,116,-0.0701765677607338,False,False,0.1032,5.987704225866269e-05,1.7967622607582314e-05,0.0,1.7702695935191895e-05,0.7692307692307693,0.6923076923076923,0.24125874125874125,0.965034965034965,4,True,0.666958041958042,Higher E2SFCA accessibility quartile,False
1501501,Benevides,1,117,-0.0704666382357022,False,False,0.0,3.1640455512565854e-05,1.1934800238080836e-05,2.7069911546839583e-06,5.050233767146898e-06,0.32167832167832167,0.5454545454545454,0.9265734265734266,0.6258741258741258,4,True,0.6048951048951049,Intermediate E2SFCA accessibility,False
1501204,Baião,3,118,-0.0742556377908454,False,False,0.0027,2.1932629028094165e-05,9.641912812128772e-06,0.0,4.4695086356367725e-06,0.13286713286713286,0.4755244755244755,0.24125874125874125,0.5874125874125874,4,True,0.35926573426573427,Lower E2SFCA accessibility quartile,False
1504422,Marituba,1,119,-0.0753738904891723,False,False,0.0,2.8950646168518387e-05,1.2301801430552972e-05,2.706991154683958e-06,5.050233767146899e-06,0.2517482517482518,0.5524475524475524,0.8951048951048951,0.6398601398601399,4,True,0.5847902097902098,Intermediate E2SFCA accessibility,False
1504976,Nova Ipixuna,3,120,-0.0754884563310106,False,False,0.0042,4.758994543242609e-05,4.22904508162057e-06,2.7304276122683573e-06,2.8619099814834425e-06,0.6083916083916084,0.32167832167832167,0.9475524475524476,0.3986013986013986,4,True,0.5690559440559441,Intermediate E2SFCA accessibility,False
1508308,Viseu,4,121,-0.0887833211730585,False,False,0.0002,2.808287456473976e-05,1.5200352036139977e-05,5.273937335692563e-08,2.797751749904637e-06,0.23076923076923078,0.6433566433566433,0.5034965034965035,0.3776223776223776,4,True,0.43881118881118886,Intermediate E2SFCA accessibility,False
1504703,Moju,3,122,-0.091752838962771,False,False,0.0025,2.380751869480452e-05,5.822307215017634e-06,1.627838998582218e-06,3.3179490428759022e-06,0.16783216783216784,0.36363636363636365,0.6853146853146853,0.45454545454545453,4,True,0.4178321678321678,Intermediate E2SFCA accessibility,False
1508407,Xinguara,1,123,-0.0928530029718143,False,False,0.0399,6.424110744377238e-05,2.4490579856666885e-05,1.4759068174423554e-07,1.2405093826774696e-05,0.8251748251748252,0.8181818181818182,0.5244755244755245,0.916083916083916,4,True,0.770979020979021,Higher E2SFCA accessibility quartile,False
1502152,Canaã dos Carajás,1,124,-0.0960717903693884,False,False,0.0345,3.363108253496799e-05,8.913901524909645e-06,0.0,7.442970874321996e-06,0.3706293706293706,0.44755244755244755,0.24125874125874125,0.8041958041958042,4,True,0.4659090909090909,Intermediate E2SFCA accessibility,False
1507904,Soure,3,125,-0.09977238095674,False,False,0.0236,8.28363154406892e-05,0.0,0.0,8.28363154406892e-05,0.8881118881118881,0.1048951048951049,0.24125874125874125,1.0,4,True,0.5585664335664335,Intermediate E2SFCA accessibility,False
1500958,Aurora do Pará,3,126,-0.1082999431200648,False,False,0.0003,4.354423425936943e-05,2.1641969843319344e-05,5.983005593554555e-07,7.306279125793233e-06,0.5244755244755245,0.7482517482517482,0.5594405594405595,0.7902097902097902,4,True,0.6555944055944056,Higher E2SFCA accessibility quartile,False
1508100,Tucuruí,1,127,-0.1225935481389837,False,False,0.0,2.601171112407765e-05,1.0246015185348613e-07,0.0,1.0286372613561551e-05,0.1958041958041958,0.2097902097902098,0.24125874125874125,0.8846153846153846,4,True,0.38286713286713286,Intermediate E2SFCA accessibility,False
1501709,Bragança,2,128,-0.1351588414266893,False,False,0.0,4.088215510354978e-05,1.6680822571802146e-05,4.793234779936459e-07,3.732453210659853e-06,0.46153846153846156,0.6783216783216783,0.5454545454545454,0.4825174825174825,4,True,0.541958041958042,Intermediate E2SFCA accessibility,False
1505403,Ourém,3,129,-0.1381144909587588,False,False,0.0,5.963000760721814e-05,2.466734841932367e-05,7.144257782009734e-07,4.019799595159271e-06,0.7622377622377622,0.8251748251748252,0.6293706293706294,0.5524475524475524,4,True,0.6923076923076923,Higher E2SFCA accessibility quartile,False
1505502,Paragominas,1,130,-0.1409699825658881,False,False,0.0,2.6950152183351364e-05,1.489183719824969e-05,0.0,6.491784309420813e-06,0.2097902097902098,0.6363636363636364,0.24125874125874125,0.7412587412587412,4,True,0.4571678321678322,Intermediate E2SFCA accessibility,False
1501600,Bonito,2,131,-0.1441011791330853,False,False,0.0,6.196703047427385e-05,2.7054324020371226e-05,1.4617040278129016e-06,5.425802472834642e-06,0.7832167832167832,0.8461538461538461,0.6783216783216783,0.6643356643356644,4,True,0.7430069930069929,Higher E2SFCA accessibility quartile,False
1500602,Altamira,1,132,-0.1679244234921958,False,False,0.0024,4.6862663185137184e-05,3.531640751429989e-05,0.0,1.1537067040950384e-05,0.5944055944055944,0.9020979020979021,0.24125874125874125,0.9020979020979021,4,True,0.659965034965035,Higher E2SFCA accessibility quartile,False
1501808,Breves,4,133,-0.169118657801423,False,False,0.0076,3.461764807698965e-05,3.461764807698965e-05,0.0,3.461764807698965e-05,0.3986013986013986,0.8951048951048951,0.24125874125874125,0.993006993006993,4,True,0.631993006993007,Higher E2SFCA accessibility quartile,False
1502202,Capanema,2,134,-0.1708556976146529,False,False,0.0,5.396433339685532e-05,2.40625484304268e-05,1.222352036084217e-06,4.98763877598178e-06,0.6993006993006993,0.7972027972027972,0.6643356643356644,0.6083916083916084,4,True,0.6923076923076923,Higher E2SFCA accessibility quartile,False
1506138,Redenção,1,135,-0.1993554131670623,False,False,0.0162,6.336885682463829e-05,1.4124356251308592e-05,0.0,8.696007023737568e-06,0.7972027972027972,0.6083916083916084,0.24125874125874125,0.8391608391608392,4,True,0.6215034965034965,Higher E2SFCA accessibility quartile,False
1503606,Itaituba,1,136,-0.2129422503747257,False,False,0.0,2.199163029724185e-05,0.0003347086502864,0.0,1.6835100312758212e-05,0.13986013986013987,1.0,0.24125874125874125,0.958041958041958,4,True,0.5847902097902098,Intermediate E2SFCA accessibility,False
1505536,Parauapebas,1,137,-0.218416175867727,False,False,0.0011,1.531525442084459e-05,3.5433919542152896e-06,2.457566318649128e-06,9.733575888669271e-06,0.055944055944055944,0.27972027972027974,0.7622377622377622,0.8601398601398601,4,True,0.4895104895104895,Intermediate E2SFCA accessibility,False
1504208,Marabá,1,138,-0.2292859485585374,False,False,0.0,5.149431474256331e-05,6.550981362753977e-06,2.6539262972783834e-06,5.650813080276938e-06,0.6713286713286714,0.3776223776223776,0.8321678321678322,0.6853146853146853,4,True,0.6416083916083917,Higher E2SFCA accessibility quartile,False
1500107,Abaetetuba,3,139,-0.2394316353136764,False,False,0.0,2.0815340865709038e-05,6.235858237871537e-06,2.609352503697559e-06,4.165374711316372e-06,0.11888111888111888,0.3706293706293706,0.7902097902097902,0.5734265734265734,4,True,0.4632867132867132,Intermediate E2SFCA accessibility,False
1501303,Barcarena,1,140,-0.2577716584308578,False,False,0.0,1.3296545835199218e-05,5.747098064949127e-06,2.6298057834573047e-06,4.141468254080687e-06,0.04195804195804196,0.35664335664335667,0.8041958041958042,0.5664335664335665,4,True,0.44230769230769235,Intermediate E2SFCA accessibility,False
1506807,Santarém,1,141,-0.2874133144108451,False,False,0.0,1.8921950034283888e-05,1.5394695193828057e-05,5.708970487647391e-06,5.708970487647391e-06,0.08391608391608392,0.6503496503496503,0.986013986013986,0.6923076923076923,4,True,0.6031468531468531,Intermediate E2SFCA accessibility,False
1500800,Ananindeua,1,142,-0.2985366866574054,False,False,0.0,2.5819687673042643e-05,1.1847583207981576e-05,2.706991154683958e-06,5.050233767146899e-06,0.1888111888111888,0.5384615384615384,0.8951048951048951,0.6398601398601399,4,True,0.5655594405594406,Intermediate E2SFCA accessibility,False
1502400,Castanhal,1,143,-0.303292891587662,False,False,0.0,5.389568345297933e-05,2.789361638209211e-05,2.706991154683958e-06,6.869930825295556e-06,0.6923076923076923,0.8741258741258742,0.8951048951048951,0.7692307692307693,4,True,0.8076923076923077,Higher E2SFCA accessibility quartile,False
1501402,Belém,1,144,-0.4074306957644368,False,False,0.0,2.3193977768577224e-05,9.99333640997355e-06,2.699880095909726e-06,4.733970052299793e-06,0.16083916083916083,0.4965034965034965,0.8531468531468531,0.6013986013986014,4,True,0.5279720279720279,Intermediate E2SFCA accessibility,False
