origin_id,SITE-006e821a065971,SITE-0101ec991f50ad,SITE-03a74bcea046c9,SITE-040227533e04c2,SITE-04666f8b44bb19,SITE-077bef27f16e42,SITE-08ef9bb419f39f,SITE-097e969081cfef,SITE-0a2b2e0c082b9d,SITE-0aa0ade6735137,SITE-0ad15b4ef7d9c9,SITE-0bc277425d526d,SITE-11255cd7680d88,SITE-12d113cb5eb879,SITE-13d3c7226a80e2,SITE-1462ebd3576b1c,SITE-154bcbfa675517,SITE-15850132cc1049,SITE-170969c40c4e1e,SITE-198118f05c2209,SITE-1cea477713d69a,SITE-1d1d8df114a006,SITE-1d2833b582b2f7,SITE-1f44a6770e0f03,SITE-1faedaf402f505,SITE-220c7479426e1d,SITE-2510152617fff3,SITE-25d38c9841ea05,SITE-260d10dc753430,SITE-2651a6a3b32c13,SITE-266b07c1dcc19a,SITE-2764332cfdcaf1,SITE-27c2bf085b0918,SITE-297435db9d61e6,SITE-2ca7b9f7a0a9bd,SITE-2e6d01adca713b,SITE-2e8bebb63183fd,SITE-2f443fb6d4866c,SITE-313981b443f7cb,SITE-32cb4e6fb07aa3
150010705000002,175.9470927,,153.0891381,,235.9120903,37.19085001,,107.6844335,,490.6316799,449.0088729,,,175.1381699,21.73188896,133.8018512,201.5881317,2.867664426,470.434063,,561.3086524,,201.586439,,,78.12539692,,,90.82358163,380.0695096,,231.3802733,339.5297596,96.36845451,,131.1087591,684.8731601,230.9222787,408.7234972,
150010705000003,176.6214812,,153.7635266,,236.5864789,37.86523853,,108.358822,,491.3060684,449.6832614,,,175.8125584,22.40627749,134.4762397,202.2625203,3.54205295,471.1084515,,561.9830409,,202.2608275,,,78.79978545,,,91.49797015,380.7438981,,232.0546618,340.2041482,97.04284304,,131.7831477,685.5475486,231.5966673,409.3978857,
150010705000004,176.8155126,,153.957558,,236.7805102,38.05926986,,108.5528534,,491.5000997,449.8772927,,,176.0065898,22.60030882,134.6702711,202.4565516,3.736084277,471.3024828,,562.1770722,,202.4548589,,,78.99381678,,,91.69200148,380.9379294,,232.2486931,340.3981795,97.23687437,,131.977179,685.7415799,231.7906986,409.591917,
150010705000005,177.0126651,,154.1547105,,236.9776627,38.25642237,,108.7500059,,491.6972522,450.0744452,,,176.2037423,22.79746133,134.8674236,202.6537041,3.933236787,471.4996354,,562.3742247,,202.6520114,,,79.19096929,,,91.88915399,381.1350819,,232.4458456,340.595332,97.43402688,,132.1743315,685.9387324,231.9878511,409.7890695,
150010705000007,176.773274,,153.9153194,,236.7382716,38.01703131,,108.5106148,,491.4578612,449.8350542,,,175.9643512,22.55807027,134.6280325,202.414313,3.693845728,471.2602443,,562.1348337,,202.4126203,,,78.95157823,,,91.64976293,380.8956909,,232.2064546,340.3559409,97.19463582,,131.9349404,685.6993414,231.74846,409.5496785,
150010705000010,177.1949339,,154.3369793,,237.1599315,38.43869119,,108.9322747,,491.879521,450.2567141,,,176.3860111,22.97973014,135.0496924,202.8359729,4.115505606,471.6819042,,562.5564935,,202.8342802,,,79.3732381,,,92.07142281,381.3173508,,232.6281145,340.7776008,97.61629569,,132.3566003,686.1210012,232.1701199,409.9713384,
150010705000011,177.3958147,,154.5378601,,237.3608124,38.63957203,,109.1331555,,492.0804019,450.4575949,,,176.5868919,23.18061099,135.2505732,203.0368538,4.316386446,471.882785,,562.7573744,,203.035161,,,79.57411895,,,92.27230365,381.5182316,,232.8289953,340.9784817,97.81717654,,132.5574811,686.3218821,232.3710008,410.1722192,
150010705000013,176.6864322,,153.8284775,,236.6514298,37.86513177,,108.423773,,491.3710193,449.7482123,,,175.8775093,22.4712284,134.5411907,202.3274712,3.607003861,471.1734024,,562.0479918,,202.3257784,,,78.86473636,,,91.56292107,380.808849,,232.1196127,340.2690991,97.10779395,,131.8480986,685.6124995,231.6616182,409.4628366,
150010705000014,176.3611438,,153.5031892,,236.3261414,37.60490111,,108.0984846,,491.045731,449.422924,,,175.552221,22.14594006,134.2159023,202.0021828,3.281715526,470.8481141,,561.7227035,,202.0004901,,,78.53944802,,,91.23763273,380.4835607,,231.7943244,339.9438107,96.78250561,,131.5228102,685.2872112,231.3363298,409.1375483,
150010705000015,176.347338,,153.4893834,,236.3123357,37.59109533,,108.0846788,,491.0319252,449.4091182,,,175.5384152,22.13213429,134.2020965,201.9883771,3.267909747,470.8343083,,561.7088977,,201.9866843,,,78.52564225,,,91.22382695,380.4697549,,231.7805186,339.930005,96.76869984,,131.5090044,685.2734054,231.3225241,409.1237425,
150010705000017,177.3118304,,154.4538758,,237.276828,38.55558769,,109.0491712,,491.9964175,450.3736106,,,176.5029076,23.09662665,135.1665889,202.9528694,4.232402113,471.7988007,,562.6733901,,202.9511767,,,79.49013461,,,92.18831932,381.4342473,,232.745011,340.8944973,97.7331922,,132.4734968,686.2378977,232.2870164,410.0882349,
150010705000018,177.2526128,,154.3946582,,237.2176104,38.43131242,,108.9899536,,491.9371999,450.314393,,,176.44369,23.03740905,135.1073713,202.8936518,4.173184509,471.7395831,,562.6141724,,202.8919591,,,79.43091701,,,92.12910171,381.3750297,,232.6857934,340.8352797,97.6739746,,132.4142792,686.1786801,232.2277988,410.0290173,
150010705000020,175.8653983,,153.0074437,,235.8303959,37.10915559,,107.6027391,,490.5499854,448.9271785,,,175.0564755,21.65019454,133.7201568,201.5064373,2.785970006,470.3523686,,561.2269579,,201.5047446,,,78.0437025,,,90.74188721,379.9878152,,231.2985789,339.4480652,96.28676009,,131.0270647,684.7914656,230.8405843,408.6418028,
150010705000022,176.2441064,,153.3861518,,236.209104,37.19794359,,107.9814472,,490.9286936,449.3058866,,,175.4351836,22.02890267,134.0988649,201.8851454,3.16467813,470.7310767,,561.6056661,,201.8834527,,,78.42241063,,,91.12059533,380.3665233,,231.677287,339.8267733,96.66546822,,131.4057728,685.1701738,231.2192924,409.0205109,
150010705000023,175.9827185,,153.1247639,,235.9477161,37.22647581,,107.7200593,,490.6673057,449.0444987,,,175.1737957,21.76751477,133.837477,201.6237575,2.903290229,470.4696888,,561.3442782,,201.6220648,,,78.16102273,,,90.85920743,380.1051354,,231.4158991,339.5653854,96.40408032,,131.1443849,684.9087859,230.9579045,408.759123,
150010705000025,176.1290131,,153.2710585,,236.0940107,37.37277038,,107.8663539,,490.8136002,449.1907933,,,175.3200903,21.91380934,133.9837716,201.7700521,3.049584799,470.6159834,,561.4905727,,201.7683594,,,78.3073173,,,91.005502,380.2514299,,231.5621937,339.71168,96.55037489,,131.2906795,685.0550804,231.1041991,408.9054176,
150010705000027,176.6191047,,153.7611501,,236.5841024,37.86286202,,108.3564455,,491.3036919,449.6808849,,,175.8101819,22.40390098,134.4738632,202.2601438,3.539676445,471.106075,,561.9806644,,202.258451,,,78.79740894,,,91.49559365,380.7415216,,232.0522853,340.2017717,97.04046653,,131.7807711,685.5451721,231.5942908,409.3955092,
150010705000028,177.4250959,,154.5671413,,237.3900935,38.66885318,,109.1624367,,492.109683,450.4868761,,,176.6161731,23.20989214,135.2798544,203.0661349,4.345667598,471.9120662,,562.7866555,,203.0644422,,,79.6034001,,,92.3015848,381.5475127,,232.8582765,341.0077628,97.84645769,,132.5867623,686.3511632,232.4002819,410.2015004,
150010705000031,177.114182,,154.2562274,,237.0791796,38.35793926,,108.8515228,,491.7987691,450.1759621,,,176.3052592,22.89897822,134.9689405,202.755221,4.03475368,471.6011522,,562.4757416,,202.7535283,,,79.29248618,,,91.99067088,381.2365988,,232.5473625,340.6968489,97.53554377,,132.2758484,686.0402493,232.089368,409.8905864,
150010705000032,177.5610983,,154.7031436,,237.5260959,38.80485554,,109.2984391,,492.2456854,450.6228784,,,176.7521754,23.3458945,135.4158568,203.2021373,4.481669963,472.0480685,,562.9226579,,203.2004446,,,79.73940246,,,92.43758717,381.6835151,,232.9942788,341.1437652,97.98246005,,132.7227647,686.4871656,232.5362843,410.3375027,
150010705000033,177.5044487,,154.646494,,237.4694463,38.74820594,,109.2417895,,492.1890358,450.5662288,,,176.6955258,23.2892449,135.3592071,203.1454877,4.42502036,471.9914189,,562.8660083,,203.1437949,,,79.68275286,,,92.38093756,381.6268655,,232.9376292,341.0871156,97.92581045,,132.6661151,686.430516,232.4796347,410.2808531,
150010705000035,177.279115,,154.4211604,,237.2441127,38.44755807,,109.0164558,,491.9637022,450.3408952,,,176.4701922,23.06391128,135.1338735,202.9201541,4.199686744,471.7660853,,562.6406747,,202.9184613,,,79.45741924,,,92.15560395,381.4015319,,232.7122956,340.861782,97.70047683,,132.4407814,686.2051824,232.2543011,410.0555195,
150010705000037,177.4454242,,154.5874696,,237.4104218,38.61386721,,109.182765,,492.1300113,450.5072043,,,176.6365014,23.23022042,135.3001827,203.0864632,4.365995882,471.9323945,,562.8069838,,203.0847705,,,79.62372838,,,92.32191309,381.567841,,232.8786047,341.0280911,97.86678597,,132.6070906,686.3714915,232.4206102,410.2218286,
150010705000038,177.2921617,,154.4342071,,237.2571593,38.46060472,,109.0295025,,491.9767488,450.3539419,,,176.4832389,23.07695794,135.1469202,202.9332007,4.212733399,471.779132,,562.6537213,,202.931508,,,79.4704659,,,92.1686506,381.4145785,,232.7253423,340.8748286,97.71352349,,132.4538281,686.218229,232.2673477,410.0685662,
150010705000039,175.054461,,152.1965063,,235.0194586,36.17192677,,106.7918018,,489.7390481,448.1162411,,,174.2455381,20.83925719,132.9092194,200.6955,1.975032655,469.5414312,,560.4160206,,200.6938072,,,77.23276515,,,89.93094986,379.1768778,,230.4876415,338.6371279,95.47582274,,130.2161274,683.9805283,230.029647,407.8308654,
150010705000040,175.3818009,,152.5238463,,235.3467985,36.62555816,,107.1191417,,490.066388,448.443581,,,174.5728781,21.16659712,133.2365594,201.0228399,2.302372584,469.8687712,,560.7433605,,201.0211472,,,77.56010508,,,90.25828979,379.5042177,,230.8149814,338.9644678,95.80316267,,130.5434673,684.3078682,230.3569869,408.1582053,
150010705000045,175.7147238,,152.8567692,,235.6797214,35.68468436,,107.4520646,,490.3993109,448.7765039,,,174.905801,21.49952002,133.5694823,201.3557628,2.052046792,470.201694,,561.0762834,,201.3540701,,,77.89302798,,,90.59121268,379.8371406,,231.1479043,339.2973907,96.13608557,,130.8763902,684.6407911,230.6899098,408.4911282,
150010705000046,174.750489,,151.8925344,,234.7154866,34.72044961,,106.4878298,,489.4350762,447.8122692,,,173.9415662,20.53528527,132.6052475,200.391528,1.087812046,469.2374593,,560.1120487,,200.3898353,,,76.92879323,,,89.62697794,378.8729059,,230.1836696,338.333156,95.17185082,,129.9121554,683.6765564,229.725675,407.5268935,
150010705000059,175.8644949,,153.0065403,,235.8294925,37.39556343,,107.6018357,,490.549082,448.926275,,,175.0555721,21.64929113,133.7192534,201.5055339,3.072377847,470.3514652,,561.2260545,,201.5038412,,,78.04279909,,,90.74098379,379.9869117,,231.2976754,339.4471618,96.28585668,,131.0261613,684.7905622,230.8396809,408.6408993,
150010705000062,175.2362617,,152.378307,,235.2012593,44.36021189,,90.57406879,,486.38684,444.764033,,,174.4273388,17.48704911,116.6914865,200.8773007,16.92367315,466.1892231,,557.0638125,,200.8756079,,,77.41456586,,,90.11275056,375.8246697,,230.6694422,335.2849198,95.65762345,,130.3979281,680.6283202,230.2114477,404.4786573,
150010705000088,176.2860546,,153.4281,,236.2510522,37.52981189,,108.0233954,,490.9706417,449.3478348,,,175.4771318,22.07085085,134.1408131,201.9270936,3.206626313,470.7730249,,561.6476142,,201.9254009,,,78.46435881,,,91.16254352,380.4084715,,231.7192352,339.8687215,96.7074164,,131.447721,685.2121219,231.2612406,409.0624591,
150010705000089,177.0870341,,154.2290795,,237.0520317,38.33079141,,108.8243749,,491.7716213,450.1488143,,,176.2781113,22.87183037,134.9417926,202.7280731,4.007605828,471.5740044,,562.4485938,,202.7263804,,,79.26533833,,,91.96352303,381.209451,,232.5202147,340.669701,97.50839592,,132.2487005,686.0131015,232.0622201,409.8634386,
150010705000090,176.2817522,,153.4237976,,236.2467498,37.52550951,,108.019093,,490.9663394,449.3435324,,,175.4728294,22.06654847,134.1365107,201.9227912,3.202323933,470.7687225,,561.6433119,,201.9210985,,,78.46005643,,,91.15824114,380.4041691,,231.7149328,339.8644192,96.70311402,,131.4434186,685.2078196,231.2569382,409.0581567,
150010705000091,176.063148,,153.2051934,,236.0281456,37.3069053,,107.8004888,,490.7477351,449.1249282,,,175.2542252,21.84794426,133.9179065,201.704187,2.983719718,470.5501183,,561.4247077,,201.7024943,,,78.24145222,,,90.93963692,380.1855649,,231.4963286,339.6458149,96.48450981,,131.2248144,684.9892154,231.038334,408.8395525,
150010705000093,177.82576,,154.9678054,,237.7907576,38.99420304,,109.5631008,,492.5103471,450.8875402,,,177.0168372,23.61055625,135.6805185,203.466799,4.746331714,472.3127303,,563.1873197,,203.4651063,,,80.00406421,,,92.70224892,381.9481769,,233.2589406,341.4084269,98.2471218,,132.9874264,686.7518273,232.800946,410.6021645,
150010705000094,175.7551482,,152.8971936,,235.7201459,36.70898541,,107.492489,,490.4397354,448.8169284,,,174.9462254,21.53994448,133.6099067,201.3961873,2.675719944,470.2421185,,561.1167079,,201.3944945,,,77.93345244,,,90.63163715,379.8775651,,231.1883288,339.3378152,96.17651003,,130.9168146,684.6812156,230.7303343,408.5315527,
150010705000095,177.3308269,,154.4728723,,237.2958245,38.57458415,,109.0681677,,492.015414,450.392607,,,176.521904,23.11562311,135.1855854,202.9718659,4.25139857,471.8177971,,562.6923865,,202.9701732,,,79.50913107,,,92.20731577,381.4532437,,232.7640074,340.9134938,97.75218866,,132.4924933,686.2568942,232.3060129,410.1072313,
150010705000096,177.8068627,,154.948908,,237.7718603,39.05061994,,109.5442035,,492.4914498,450.8686428,,,176.9979398,23.5916589,135.6616212,203.4479017,4.727434362,472.2938329,,563.1684223,,203.446209,,,79.98516686,,,92.68335157,381.9292795,,233.2400432,341.3895296,98.22822445,,132.9685291,686.73293,232.7820487,410.5832671,
150010705000097,177.8131318,,154.9551771,,237.7781294,39.05688904,,109.5504726,,492.4977189,450.8749119,,,177.0042089,23.597928,135.6678902,203.4541708,4.733703461,472.300102,,563.1746914,,203.452478,,,79.99143596,,,92.68962067,381.9355486,,233.2463123,341.3957987,98.23449355,,132.9747982,686.7391991,232.7883178,410.5895362,
150010705000099,177.5521267,,154.6941721,,237.5171243,38.79588398,,109.2894675,,492.2367138,450.6139069,,,176.7432039,23.33692294,135.4068852,203.1931657,4.472698404,472.039097,,562.9136863,,203.191473,,,79.7304309,,,92.42861561,381.6745436,,232.9853073,341.1347936,97.97348849,,132.7137931,686.478194,232.5273127,410.3285312,
