id_equipamento,ibge,cidade,nome,endereco,numero,bairro,latitude,longitude
15003498246,150034,Água Azul do Norte,CREAS DANIEL BRITO DIAS,AV  Carajás - 00,00,Beira Rio,-6.80566636234563,-50.481705665588386
15004093830,150040,Alenquer,CREAS,Nossa Senhora do Perpetuo Socorro - 00,00,Planalto,-1.9403895946033927,-54.735689163208015
15007097832,150070,Anajás,CREAS,MAGALHÂES BARATA - 00,00,CENTRO,-0.9844081039562795,-49.944620132446296
15008097774,150080,Ananindeua,CREAS II,JULIA CORDEIRO - 170,170,CENTRO,-1.3697702039774933,-48.37670803070069
15008594224,150085,Anapu,CREAS,Presidente Kennedy - 17,17,CENTRO,-3.4704568730068006,-51.20699644088746
15009094050,150090,Augusto Corrêa,CREAS AUGUSTO CORRÊA,JOSÉ LAURO DA COSTA - 352,352,SÃO MIGUEL,-1.0234851074584004,-46.63765919201978
15010093824,150100,Aveiro,CREAS ALONSO DE ALMEIDA SENA,HUMBERTO DE ABREU FRAZAO - 0,0,CENTRO,-3.606,-55.332
15011099160,150110,Bagre,CREAS,25 DE MARÇO - 1,1,CENTRO,-1.9,-50.164
15012094514,150120,Baião,CREAS RENASCER,OSVALDO PAIXÃO - 00,00,NOVO SÃO FRANCISCO,-2.7937755152385053,-49.67290163040161
15014098038,150140,Belém,CREAS ICOARACI - JOSÉ CARLOS PACHECO DIAS,SIQUEIRA MENDES - 811,811,CRUZEIRO,-1.3029267355242622,-48.489251138037176
15014098040,150140,Belém,CREAS MOSQUEIRO - MARIALVA CASANOVA GUIMARÃES,Comandante Ernesto Dias - 655,655,vila,-1.162171087012967,-48.471765518188484
15014599551,150145,Belterra,CREAS,PINDOBAL - 1,1,CENTRO,-2.636,-54.937
15015094104,150150,Benevides,CREAS RENASCER,APOLINÁRIO MENDES - 639,639,LIBERDADE,-1.365308279424019,-48.240280151367195
15015798954,150157,Bom Jesus do Tocantins,CREAS,SETE DE SETEMBRO  - 658,658,CENTRO,-5.046946304921942,-48.59694957733155
15016099373,150160,Bonito,CREAS,Padre Angelo Bernardes  - 119,119,centro,-1.3618974757414526,-47.303159236907966
15017296106,150172,Brasil Novo,CREAS,CASTELO BRANCO - 660,660,CENTRO,-3.301322911923635,-52.54112720489503
15017599004,150175,Brejo Grande do Araguaia,"CREAS - Centro de Referência Especializado de Assistência Social ""BOM CONSELHO""", Rua Estevão Rodrigues  - 205,205,Centro,-5.701697160752696,-48.406662940979004
15020099044,150200,Cachoeira do Arari,CREAS Padre Giovanni Gallo,SETE DE SETEMBRO - 00,00,CENTRO,-1.011741030425417,-48.959648609161384
15025098010,150250,Chaves,CREAS,Bom Pastor  - 195,195,CENTRO,-0.16464449157741673,-49.98727798461915
15027593910,150275,Concórdia do Pará,CREAS,bezerra de meneses - 0,0,Ramiro paz,-1.9915360175245338,-47.947103977203376
15027698906,150276,Cumaru do Norte,CREAS -CASA DE ATENDIMENTO ESPECIALIZADO À FAMÍLIA E INDIVÍDUOS,Maranhao - 0,0,Centro,-7.812338513777153,-50.763528347597465
15027799218,150277,Curionópolis,CREAS,CEDRO - 200,200,CENTRO,-6.094747520780239,-49.605889320373535
15028097694,150280,Curralinho,CREAS,Dom Orione - 0,0,Perpetuo Socorro,-1.8122916659714872,-49.79525327682496
15028598856,150285,Curuá,CREAS, Frei Rodolfo Hartmann - 00,00,centro,-1.8913755013224651,-55.11717438697816
15029597890,150295,Eldorado Dos Carajás,CREAS VIDA SERENA,Irmã Adelaide Molinari  - 58,58,CENTRO,-6.102324018172105,-49.37320232391358
15030098868,150300,Faro,CREAS LAR ESTRELA DA MANHÂ,TV. JOSE LUCIO DE OLIVEIRA CAMPOS - 00,00,MORUMBI,-2.173009629141865,-56.74144238233567
15030498886,150304,Floresta do Araguaia,CREAS NOVA VIDA,DONA PAULA - 178,178,CENTRO,-7.563587857153735,-49.706954956054695
15030797192,150307,Garrafão do Norte,CREAS - CENTRO DE REFERÊNCIA ESPECIALIZADO DE ASSISTÊNCIA SOCIAL,JOSÉ MALCHER - 00,00,CENTRO,-1.9350925803717554,-47.04942226409913
15031098106,150310,Gurupá,CREAS,TIRADENTES - 0,0,SANTA MARIA,-1.409069100642543,-51.64488315582276
15032094238,150320,Igarapé-açu,CREAS,RUA MARECHAL RONDON - 2348,2348,CENTRO,-1.1285201122946547,-47.62566268444061
15037096062,150370,Itupiranga,CREAS,31 DE MARÇO - 154,154,CENTRO,-5.133165193816559,-49.33096289634705
15039098748,150390,Juruti,CREAS,ANTONIO RODRIGUES - 0,0,BOM PASTOR,-2.160918836804048,-56.09777927398682
15040094004,150400,Limoeiro do Ajuru,CREAS - CENTRO DE REFERÊNCIA ESPECIALIZADO DE ASSISTÊNCIA SOCIAL - CREAS,NOVA I - 80,80,MATINHA,-1.8964474686169277,-49.380841255187995
15041098950,150410,Magalhães Barata,CREAS - MAGALHÃES BARATA,LAURO SODRE - 0,0,CENTRO,-0.7938721446263419,-47.59956333748051
15042099821,150420,Marabá,CREAS NOVA MARABÁ,"FOLHA 30 , LOTE 40 , QUADRA 01 - 01",01,NOVA MARABÁ,,
15043094670,150430,Maracanã,CREAS SÃO MIGUEL ARCANJO,rua espirito santo - 0,0,Centro,-0.7647373105963997,-47.45407962851459
15044097790,150440,Marapanim,CREAS MARIZA DE JESUS ALVES E SILVA,15 de agosto - 00,00,Barraca,-0.7122047114811324,-47.70031929016113
15044594176,150445,Medicilândia,CREAS,Benedito do Vale - 1014,1014,Centro,-3.4455684560005353,-52.88792610168458
15045093718,150450,Melgaço,CREAS,SETE DESETEMBRO - 576,576,TABOCAL,-1.8055787616476688,-50.71962833404541
15046093954,150460,Mocajuba,CREAS,Alameda B - 4,4,Centro,-2.5810638990583428,-49.50761318206788
15047599246,150475,Mojui dos Campos,CREAS MUNICIPAL,ANTÔNIO WALFREDO - 001,001,ALTO ALEGRE,-2.6811817,-54.6369029
15048097912,150480,Monte Alegre,CREAS,NILO PEÇANHA - 120,120,CENTRO,,
15049594260,150495,Nova Esperança do Piriá,CREAS RENASCER - NEP,PROFESSORA ANELI GOMES ROCHA - 0,0,VILA NOVA,-2.267352502506749,-46.96343868970872
15049799276,150497,Nova Ipixuna,CREAS,MANOEL DOS REIS - 39,39,Felicidade,-4.922182257826552,-49.075284004211426
15050098876,150500,Nova Timboteua,CREAS CASA DA ESPERANÇA,MAGALHAES BARATA  - 1251,1251,CENTRO,-1.2048238606226411,-47.38753080368043
15050397589,150503,Novo Progresso,CREAS AMIGO DO BEM,TIRADENTES - 608,608,SANTA LUZIA,-7.042748215875857,-55.41239976882935
15052098116,150520,Oeiras do Pará,CREAS,Jonnatas Athias - 000,000,Marapira,-2.003266232728721,-49.85960304748005
15054099012,150540,Ourém,CREAS MARIA LÚCIA SERRA DE SOUZA,LAZARO PICANCO - 00,00,CENTRO,-1.5488835798473852,-47.11697101593018
15054397708,150543,Ourilândia do Norte,CREAS IRMÃ TEREZINHA BACK,25 - 0000,0000,BELA VISTA,-6.747634675312324,-51.0826063156128
15054896362,150548,Pacajá,CREAS,13 de Abril - 114,114,CENTRO,-3.8371291213227408,-50.63663005828858
15056099363,150560,Peixe-boi,CREAS PEIXE-BOI,JOÃO GOMES PEDROSA - 0,0,FÁTIMA,-1.1934645115400184,-47.3148536682129
15056597800,150565,Placas,CREAS,Samuel Bomfim - 70,70,centro,-3.8698851346955028,-54.216838359570836
15057094812,150570,Ponta de Pedras,CREAS - GUIDO MARINHO,Mangabeira - 336,336,Estrada,-1.397592689256908,-48.85461330413819
15059094108,150590,Porto de Moz,CREAS - Espaço Porto Viver,Professora Nazaré Felix - 00,00,Cariny,-2.18459286401142,-52.5477505235705
15061099290,150610,Primavera,CREAS MUNICIPAL DE PRIMAVERA,MILTON QUEIROZ - 527,527,CENTRO,-0.943,-47.116
15061198936,150611,Quatipuru,CREAS ARACELI CABRERA,Santa Maria - 18,18,Centro,-0.9003912335433483,-47.0061206817627
15061698920,150616,Rio Maria,CREAS Augusto Marques de Souza,9 - 19,19,VILA VERDE,-7.32091423753412,-50.05355000495911
15061898248,150618,Rondon do Pará,CREAS,CESAR BRASIL - 399,399,CENTRO,-4.778832410437753,-48.065734863084806
15061999002,150619,Rurópolis,CREAS,MÁRIO ANDREAZZA - 380,380,LAGOA,-4.095873665802003,-54.9078941353946
15062093670,150620,Salinópolis,CREAS SAL,Ana Bela Flor  - 775,775,Bom Jesus,-0.6268237659822651,-47.35214643180372
15063097232,150630,Salvaterra,CREAS RECONSTRUINDO LAÇOS FAMILIARES,VICTOR ENGELHARD - 0,0,CENTRO,-0.757026103053063,-48.51405858993531
15063599324,150635,Santa Bárbara do Pará,CREAS,MARINA THAMER - 0,0,NOVO,-1.2230158826794189,-48.29641342163087
15065598970,150655,Santa Luzia do Pará,CREAS,Fernando Ferrari - 374,374,Centro,-1.525026943070704,-46.89690756738856
15067093826,150670,Santana do Araguaia,CREAS - Centro de Referência Especializada de Assistência Social,Gilberto Carveli - Praça Três Poderes - 0,0,Centro,-9.339029372769653,-50.33575763372938
15069099286,150690,Santarém Novo,CREAS COSTRUINDO LAÇOS/SANTARÉM NOVO-PÁ,DO BACURI - 00,00,CENTRO,-0.9300741351955637,-47.39827036857606
15070093664,150700,Santo Antônio do Tauá,CREAS,SANTA RITA DE CASSIA - 00,00,CENTRO,-1.1540443130079308,-48.133742809295654
15071098874,150710,São Caetano de Odivelas,CREAS SÃO CAETANO,JOÃO BRÁS DE SOUZA - 07,07,CENTRO,-0.7481004814423918,-48.01995277404786
15071594810,150715,São Domingos do Araguaia,CREAS,DUQUE DE CAXIAS - 0,0,CENTRO,-5.55442344812006,-48.7300257680181
15074098946,150740,São Francisco do Pará,CREAS MARIA SAKATA,CELSO MACHADO - 119,119,CRISTO REDENTOR,-1.1721508568407886,-47.794818878173835
15074699278,150746,São João da Ponta,CREAS,Independência - 17,17,Centro,-0.8519240210163397,-47.9225778579712
15074798138,150747,São João de Pirabas,CREAS - CENTRO DE REFERÊNCIA ESPECIALIZADO DE ASSISTÊNCIA SOCIAL,TRAVESSA DAS MERCES - 204,204,Cidade Velha,-0.7766581144804718,-47.176108360290534
15075098880,150750,São João do Araguaia,CREAS,AVENIDA LUIS LOPES RIBEIRO - 0,0,CENTRO,-5.3619601060186755,-48.79120588302612
15077095858,150770,São Sebastião da Boa Vista,CREAS - MARIA IRAILDE DE OLIVEIRA CHAVES,GABRIEL MARQUES - 0,0,CENTRO,-1.716311434534633,-49.53120321035386
15079096256,150790,Soure,CREAS MUNICIPAL DE SOURE,ENTRE SEGUNDA E TERCEIRA RUAS - 237,237,Centro,-0.7282752380381614,-48.52010965347291
15079799294,150797,Terra Santa,CREAS - GLAUCIENE GATO SILVEIRA,JOÃO ELEUTÉRIO - 138,138,SANTA CLARA,-2.093759729894274,-56.49088382720948
15080093956,150800,Tomé-açu,CREAS CENTRO DE REFERENCIA ESPECIALIZADO DA ASSISTENCIA SOCIAL,PARMALAT - 0,0,CONSTRAN,-2.414035319787462,-48.15815949492391
15080893952,150808,Tucumã,CREAS -MARIA EDITE WOBETTO CARRAVETTA,DO CAFÉ  - 01,01,MORUMBI,-6.753814257889607,-51.157611608505256
15081595972,150815,Uruará,CREAS CESTO DE FLORES,GOIAS - 0,0,CENTRO,-3.7197752863126787,-53.7368130683899
15082094054,150820,Vigia,CREAS,SANTANA DE MEDEIROS  - 321,321,ARAPIRANGA,-0.8485984480530852,-48.13801288604737
15083094438,150830,Viseu,CREAS VISEU,CÔNEGO MIGUEL - 00,00,CENTRO,-1.2078165424596348,-46.13893032073975
15083598888,150835,Vitória do Xingu,CREAS CENTRO DE REFERÊNCIA ESPECIALIZADA DE ASSISTÊNCIA SOCIAL,JOSINO VELASCO - 20,20,JARDIM DALLACQUA,-2.8930450725912276,-52.01567173004151
15084096606,150840,Xinguara,CREAS XINGUARA,XINGU - 0,0,CENTRO,-7.105066095723688,-49.947624206542976
11500101366,150010,Abaetetuba,CREAS CENTRO DE REFERÊNCIA ESPECIALIZADO DE ASSISTENCIA SOCIAL,SANTOS DUMONT - 653,653,SAO LOURENÇO,-1.7217609364206725,-48.88443215320876
11500102869,150010,Abaetetuba,CREAS CENTRO DE REFERÊNCIA ESPECIALIZADO DE ATENDIMENTO À MULHER,ESTRADA PA 409 -  ESTRADA DE ACESSO À BEJA KM 01 SN - 0,0,JARUMÃ,-1.7332708651037723,-48.86147546741996
11500201693,150020,Acará,CREAS ACARA,Marechal Deodoro da Fonseca - 80,80,SAO JUDAS TADEU,-1.9605910103673754,-48.196849822998054
11500303274,150030,Afuá,CREAS BEIJA FLOR,BENJAMIN CONSTANT - 227,227,CENTRO,-0.16061851206526173,-50.39100140333176
11500503291,150050,Almeirim,CREAS ISABELE,SETE DE SETEMBRO - 1198,1198,CENTRO,-1.5288278923536722,-52.57671475410462
11500600316,150060,Altamira,CREAS CENTRO DE REFERÊNCIA ESPECIALIZADO DE ASSISTÊNCIA SOCIAL,CURITIBA - 3075,3075,JARDIM UIRAPURU,-3.209696562423945,-52.22520589828492
11500800557,150080,Ananindeua,CREAS ANANIN,SN 17- Rua do Fio - 00,00,COQUEIRO,-1.370145605905124,-48.40648055076599
11500953424,150095,Aurora do Pará,CREAS - LOIDE GARCIA DE LIMA,Rua São Pedro - 420,420,Aparecida,-2.1356723305356393,-47.55576539046161
11501301883,150130,Barcarena,CREAS HENRICA DE NAZARÉ,LAURIVAL CAMPOS CUNHA - 86,86,COMERCIAL,-1.5089436193480277,-48.623299598693855
11501402437,150140,Belém,CREAS ROSANA CAMPOS,SENADOR MANOEL BARATA - 318,318,CAMPINA,-1.4539481148786444,-48.500559926060305
11501402459,150140,Belém,CREAS ILKA BRANDÃO BARBOSA,Alcindo Cacela - 839,839,Umarizal,-1.443658875160063,-48.478342294693
11501402959,150140,Belém,CREAS MARCO - MANOEL PIGNATÁRIO, Tavares Bastos - 447,447,SOUZA,-1.4094780871122106,-48.4450225532055
11501700553,150170,Bragança,CREAS - BRAGANÇA,TREZE DE MAIO - 725,725,CENTRO,-1.0584521220562504,-46.76515102386475
11501783177,150178,Breu Branco,CREAS BREU BRANCO,SAO LUIS - 210,210,BELA VISTA,-3.73348405383855,-49.3712200987188
11501800239,150180,Breves,CREAS MUNICIPAL,LOURENÇO BORGES - 2223,2223,CENTRO,-1.6855466480470296,-50.48094391822815
11501900191,150190,Bujaru,CREAS RAIMUNDO ARAÚJO FERREIRA,TV. GENERAL GURJÃO  - 0,0,CENTRO,-1.5152821534103305,-48.04450464250294
11501951754,150195,Cachoeira do Piriá,CREAS CENTRO DE REFERENCIA ESPECIALIZADA DE ASSISTENCIA SOCIAL,FERNANDO HENRIQUE  - 0,0,PIÇARREIRA,-1.75831964772954,-46.54253840446473
11502100288,150210,Cametá,CREAS - CENTRO DE REFERÊNCIA ESPECIALIZADA DE ASSISTÊNCIA SOCIAL,15 DE NOVEMBRO - 2711,2711,centro,-2.2429600291830902,-49.496922491525766
11502153494,150215,Canaã Dos Carajás,CREAS CANAÃ DOS CARAJÁS, MARACATIARA - 19,19,Nova Canaa,-6.539187993447443,-49.85046386718239
11502202765,150220,Capanema,CREAS CENTRO DE REFERENCIA ESPECIALIZADO DE ASSISTENCIA SOCIAL,D. PEDRO II - 525,525,CENTRO,-1.1953201969028175,-47.17673063278199
11502303470,150230,Capitão Poço,CREAS - Luiza Saraiva de Souza,JOÃO MOURA DA COSTA  - 806,806,JR,-1.7470632148377112,-47.06387400627137
11502401112,150240,Castanhal,CREAS Centro de Referência Especializado de Assistência Social de Castanhal,Gilberto Menezes - 00,00,Cristo,-1.2959996247622103,-47.94397473313439
11502700508,150270,Conceição do Araguaia,CREAS DE CONC. DO ARAGUAIA,BENEDITO ROCHA - 2852,2852,SÃO LUIZ II,-8.265943530988803,-49.26627039916639
11502903344,150290,Curuçá,CREAS CENTRO DE REFERÊNCIA ESPECIALIZADO DA ASSISTÊNCIA SOCIAL,DUQUE DE CAXIAS - 00,00,CENTRO,-0.7309089537486021,-47.84844160079957
11502931491,150293,Dom Eliseu,CREAS - CENTRO DE REFERÊNCIA ESPECIALIZADO DE ASSISTÊNCIA SOCIAL,CEARÁ - 682,682,CENTRO,-4.290692196424481,-47.55473288634676
11503093550,150309,Goianésia do Pará,CREAS NOVO HORIZONTE,BARÃO DO RIO BRANCO - 15,15,NOVO HORIZONTE,-3.843,-49.097
11503302798,150330,Igarapé-miri,CREAS MORENINHA DO BAIXO TOCANTINS,Coronel Vitório  - 40,40,Perpetuo Socorro,-1.9804276198120825,-48.96237373352051
11503450395,150345,Ipixuna do Pará,CREAS Amigo da Criança,RUI BARBOSA - 137,137,CENTRO,-2.5590990541038234,-47.49551415436145
11503501472,150350,Irituia,CREAS LEONILIA NUNES LIMA DA SILVA TIA LULU,JOSÉ VIEIRA  - 32,32,VILA NOVA,-1.7728185570985557,-47.440545559539956
11503602976,150360,Itaituba,CREAS FLOR DO SOL,Belém - 00,00,Centro,-4.2720620131837554,-55.98575413227082
11503753055,150375,Jacareacanga,CREAS CENTRO DE REFERÊNCIA ESPECIALIZADO DE ASSISTÊNCIA SOCIAL DE JACAREACANGA,Tenente Fernandes - 0,0,São Pedro,-6.226355431449834,-57.75851726531983
11503800747,150380,Jacundá,CREAS CENTRO DE REFERÊNCIA ESPECIALIZADA DE ASSISTÊNCIA SOCIAL,JATOBAL  - 116,116,Palmares,-4.447885436832276,-49.114948511123664
11504050611,150405,Mãe do Rio,CREAS CENTRO DE REFERENCIA ESPECIALIZADO DE ASSISTENCIA SOCIAL,ANTONIO SARAIVA RABELO - 528,528,CENTRO,-2.0464725438858995,-47.55374193191529
11504202847,150420,Marabá,CREAS CARAJÁS,ESPIRITO SANTO - 285,285,AMAPÁ,-5.370767260010181,-49.12984013557435
11504421447,150442,Marituba,CREAS MARITUBA,TRAVESSA SÃO MIGUEL - 60,60,CENTRO,-1.3691314248347575,-48.34066391005763
11504701023,150470,Moju,CREAS / CENTRO DE REFERÊNCIA ESPECIALIZADO DA ASSISTÊNCIA SOCIAL,JOSE AGOSTINHO DURÃO - 02,02,PEDREIRA,-1.8872685909355165,-48.76301050186158
11504901901,150490,Muaná,CREAS - Desembargador Dr. Paulo Frota,Bacabal - 0,0,CENTRO,-1.5294284932155702,-49.21950101852418
11505062972,150506,Novo Repartimento,CREAS JANICLEIA BRANDÃO DE OLIVEIRA,ARAPONGAS - 11,11,UIRAPURU,-4.2482545263808404,-49.948139190673835
11505102817,150510,Óbidos,CREAS - CENTRO DE REFERENCIA ESPECIALIZADO DE ASSISTENCIA SOCIAL,Isaac de Paiva Soares - 0,0,FATIMA,-1.909272080609306,-55.5145812034607
11505300727,150530,Oriximiná,CREAS - CENTRO DE REFERENCIA ESPECIALIZADO DE ASSISTENCIA SOCIAL,ANTONIO DE SOUZA BENTES - 25,25,CENTRO,-1.7706197877468033,-55.866808891296394
11505501695,150550,Paragominas,CREAS - PARAGOMINAS,Argentina - 35,35,GUANABARA,-2.9884916742383365,-47.35362768173218
11505530567,150553,Parauapebas,CREAS - Centro de Referência Especializado de Assistência Social,11 - 201,201,União,-6.0735814083920285,-49.907400459051146
11505803223,150580,Portel,CREAS CENTRO DE REFERÊNCIA ESPECIALIZADO DE ASSISTÊNCIA SOCIAL,Augusto Montenegro - 1018,1018,Vila Velha,-1.936475810382496,-50.81966400146485
11506003493,150600,Prainha,CREAS Iluminar,Augusto Montenegro - S/N,S/N,DA PAZ,-1.788013569037576,-53.484513759613044
11506130294,150613,Redenção,CREAS REDENÇÃO,ARAGUAIA - 1,1,ALTO PARANÁ,-8.044782260092097,-50.01718997955323
11506500036,150650,Santa Isabel do Pará,CREAS - ACOLHER E FORTALECER,TRAVESSA SANTA IZABEL - 1030,1030,CENTRO,-1.3001375092222394,-48.160870671272285
11506603269,150660,Santa Maria do Pará,CREAS - CENTRO DE REFERENCIA ESPECIALIZADO DE ASSISTENCIA SOCIAL,SÃO SEBASTIÃO - 0,0,centro,-1.3474175951873832,-47.580070495605476
11506801932,150680,Santarém,CREAS Municipal,SILVA JARDIM - 460,460,ALDEIA,-2.4227511666704946,-54.721895634702385
11507203445,150720,São Domingos do Capim,CREAS - CENTRO DE REFERENCIA ESPECIALIZADA DE ASSISTENCIA SOCIAL,Rua Antonio Correa de Melo SN - 0,0,CENTRO,-1.7092255233420772,-47.77798533439636
11507302086,150730,São Félix do Xingu,CREAS - Centro de Referência Especializado da Assistência Social / Estelita p.de Sousa,MARANHÃO - 00,00,UNIÃO,-6.6337927331260484,-51.979378223550164
11507452917,150745,São Geraldo do Araguaia,CREAS Centro de Referência Especializado de Assistência Social,ANTONIO NONATO PEDROSA - 34,34,ALTO BEC,-6.386996470939339,-48.56227397918701
11507601421,150760,São Miguel do Guamá,CREAS SULA DA SILVA DOS SANTOS,PIO XII - 00,00,PATAUATEUA,-1.6199671127799986,-47.47726678848267
11507951254,150795,Tailândia,CREAS CENTRO DE REFERÊNCIA ESPECIALIZADA DE ASSISTÊNCIA SOCIAL,MONTE ALEGRE - 03,03,SANTA MARIA,-2.907424728737902,-48.736681938171394
11508033446,150803,Tracuateua,CREAS TRACUATEUA,DO SOSSEGO - 126,126,CENTRO,-1.0788280014461915,-46.90383195877075
11508101739,150810,Tucuruí,CREAS CENTRO DE REFERENCIA ESPECIALIZADO DE ASSISTENCIA SOCIAL,"DOM CORNELIO VERMANS, S//N? - 0",0,CENTRO,-3.7659601674614067,-49.67040121537139
11508120205,150812,Ulianópolis,CREAS - CENTRO DE REFERÊNCIA ESPECIALIZADA DA ASSISTÊNCIA SOCIAL,PIAUI - 221,221,CAMINHO DAS ARVORES,-3.749902110952864,-47.499421834945686
