service_name,municipality_name,address_public,latitude,longitude,location_source,coordinate_validation_status,validation_status
VARA DE VIOLÊNCIA DOMÉSTICA E FAMILIAR CONTRA A MULHER DE ANANINDEUA,Ananindeua,"Rua Cláudio Sanders, 193, Centro, Ananindeua - PA",,,TJPA official property/address records,pending_exact_coordinate_validation,function_validated_from_official_tjpa_directory
SECRETARIA DA 1ª VARA VIOLÊNCIA DOMÉSTICA E FAMILIAR CONTRA A MULHER,Belém,"Rua Tomázia Perdigão, 310, Fórum Criminal da Capital, Cidade Velha, Belém - PA",,,TJPA official judicial/property records,pending_exact_coordinate_validation,function_validated_from_official_tjpa_directory
SECRETARIA DA 2ª VARA VIOLÊNCIA DOMÉSTICA E FAMILIAR CONTRA A MULHER,Belém,"Rua Tomázia Perdigão, 310, Fórum Criminal da Capital, Cidade Velha, Belém - PA",,,TJPA official judicial/property records,pending_exact_coordinate_validation,function_validated_from_official_tjpa_directory
SECRETARIA DA 3ª VARA VIOLÊNCIA DOMÉSTICA E FAMILIAR CONTRA A MULHER,Belém,"Rua Tomázia Perdigão, 310, Fórum Criminal da Capital, Cidade Velha, Belém - PA",,,TJPA official judicial/property records,pending_exact_coordinate_validation,function_validated_from_official_tjpa_directory
SECRETARIA DA 4ª VARA DE VIOLÊNCIA DOMÉSTICA E FAMILIAR CONTRA A MULHER DA COMARCA DE BELÉM,Belém,"Rua Tomázia Perdigão, 310, Fórum Criminal da Capital, Cidade Velha, Belém - PA",,,TJPA official judicial/property records,pending_exact_coordinate_validation,function_validated_from_official_tjpa_directory
VARA DE VIOLENCIA DOMESTICA E FAMILIAR CONTRA A MULHER DISTRITAL DE ICOARACI,Belém,"Rua Manoel Barata, 1107, Ponta Grossa, Icoaraci, Belém - PA",-1.304187,-48.487069,"TJPA official address + OpenStreetMap exact house-number candidate + IBGE municipality validation",validated_exact_address_point,function_validated_from_official_tjpa_directory
VARA DE COMBATE À VIOLÊNCIA DOMÉSTICA E FAMILIAR CONTRA A MULHER DE CASTANHAL-PA,Castanhal,"Av. Presidente Vargas, 2639, Centro, Castanhal - PA",,,TJPA official property/address records,pending_exact_coordinate_validation,function_validated_from_official_tjpa_directory
VARA DE VIOLÊNCIA DOMESTICA E FAMILIAR CONTRA A MULHER DE MARABÁ,Marabá,"Rodovia Transamazônica, s/n, Bairro Amapá, Marabá - PA, CEP 68508-970",,,TJPA official property/address records,pending_exact_coordinate_validation,function_validated_from_official_tjpa_directory
VARA DO JUIZADO ESPECIAL DE VIOLÊNCIA DOMÉSTICA E FAMILIAR CONTRA A MULHER DE SANTARÉM,Santarém,"Av. Mendonça Furtado, s/n, Bairro Liberdade, Santarém - PA, CEP 68040-050",,,TJPA official property/address records,pending_exact_coordinate_validation,function_validated_from_official_tjpa_directory
