municipality_code,municipality_name,female_race_branca_count,female_race_preta_count,female_race_parda_count,female_race_amarela_count,female_race_indigena_count,diagnostic__female_declared_race_total,socio__female_race_share_branca,socio__female_race_share_preta,socio__female_race_share_parda,socio__female_race_share_amarela,socio__female_race_share_indigena,diagnostic__female_race_declared_share_sum,diagnostic__female_race_residual_share
1500107,Abaetetuba - PA,9.75,4.62,35.43,0.04,0.03,49.87,0.19550832163625428,0.09264086625225587,0.7104471626228194,0.0008020854220974535,0.00060156406657309,1.0000000000000002,-2.220446049250313e-16
1500131,Abel Figueiredo - PA,10.17,4.4,34.58,0.0,0.11,49.26,0.20645554202192448,0.08932196508323184,0.7019894437677628,0.0,0.002233049127080796,1.0,0.0
1500206,Acará - PA,4.86,6.49,36.82,0.05,0.02,48.24,0.10074626865671642,0.13453565505804313,0.7632669983416251,0.0010364842454394694,0.00041459369817578774,0.9999999999999999,1.1102230246251565e-16
1500305,Afuá - PA,7.09,2.79,37.88,0.04,0.02,47.82000000000001,0.1482643245503973,0.05834378920953575,0.7921371810957758,0.0008364700961940609,0.00041823504809703046,0.9999999999999999,1.1102230246251565e-16
1500347,Água Azul do Norte - PA,11.7,3.77,30.39,0.06,0.45,46.370000000000005,0.2523183092516713,0.08130256631442742,0.6553806340306232,0.0012939400474444682,0.009704550355833513,0.9999999999999999,1.1102230246251565e-16
1500404,Alenquer - PA,7.59,3.34,37.56,0.04,0.03,48.56,0.15630148270181218,0.0687808896210873,0.7734761120263591,0.0008237232289950577,0.0006177924217462932,1.0,0.0
1500503,Almeirim - PA,7.6,3.02,36.32,0.01,1.58,48.529999999999994,0.1566041623737894,0.06222954873274264,0.7484030496600043,0.00020605810838656503,0.03255718112507728,1.0000000000000002,-2.220446049250313e-16
1500602,Altamira - PA,11.74,4.57,31.29,0.16,2.38,50.14,0.23414439569206222,0.09114479457518948,0.6240526525727962,0.003191065017949741,0.04746709214200239,1.0,0.0
1500701,Anajás - PA,7.04,2.5,38.65,0.02,0.01,48.22,0.14599751140605557,0.05184570717544587,0.8015346329323931,0.000414765657403567,0.0002073828287017835,1.0,0.0
1500800,Ananindeua - PA,12.66,5.43,34.26,0.11,0.06,52.519999999999996,0.24105102817974108,0.1033891850723534,0.6523229246001523,0.0020944402132520947,0.0011424219345011425,1.0,0.0
1500859,Anapu - PA,9.13,4.73,32.17,0.37,1.47,47.87,0.19072487988301653,0.098809275120117,0.6720284102778359,0.007729266764152915,0.030708167954877796,1.0,0.0
1500909,Augusto Corrêa - PA,5.58,1.3,41.95,0.01,0.01,48.85,0.11422722620266121,0.02661207778915046,0.8587512794268168,0.00020470829068577277,0.00020470829068577277,1.0,0.0
1500958,Aurora do Pará - PA,6.44,4.98,37.62,0.05,0.1,49.19,0.13092091888595245,0.10124008944907503,0.7647895913803618,0.001016466761536898,0.002032933523073796,1.0,0.0
1501006,Aveiro - PA,4.88,2.24,32.5,0.04,7.92,47.58,0.10256410256410256,0.04707860445565364,0.6830601092896175,0.0008406893652795292,0.1664564943253468,1.0,0.0
1501105,Bagre - PA,5.2,4.02,39.81,0.01,0.0,49.04,0.10603588907014683,0.08197389885807503,0.8117862969004894,0.0002039151712887439,0.0,1.0,0.0
1501204,Baião - PA,6.03,11.1,32.63,0.01,0.04,49.81,0.12106002810680586,0.22284681790805058,0.6550893394900622,0.0002007628990162618,0.0008030515960650472,1.0,0.0
1501253,Bannach - PA,8.46,3.99,31.41,0.15,2.31,46.32,0.18264248704663213,0.086139896373057,0.6781088082901554,0.003238341968911917,0.04987046632124353,1.0,0.0
1501303,Barcarena - PA,8.97,3.64,37.11,0.1,0.12,49.94,0.17961553864637567,0.07288746495794955,0.7430917100520625,0.002002402883460152,0.0024028834601521826,1.0,0.0
1501402,Belém - PA,14.44,5.64,32.83,0.14,0.09,53.14,0.2717350395182537,0.10613473842679713,0.6178020323673316,0.0026345502446368085,0.0016936394429808053,1.0,0.0
1501451,Belterra - PA,6.53,2.28,38.5,0.16,1.9,49.37,0.1322665586388495,0.04618189183714806,0.7798258051448248,0.0032408345148875837,0.038484909864290054,1.0,0.0
1501501,Benevides - PA,9.89,4.46,36.33,0.11,0.05,50.839999999999996,0.19453186467348546,0.0877261998426436,0.714594807238395,0.0021636506687647524,0.0009834775767112512,1.0,0.0
1501576,Bom Jesus do Tocantins - PA,9.68,2.94,29.16,0.06,2.8,44.64,0.2168458781362007,0.06586021505376344,0.6532258064516129,0.0013440860215053762,0.06272401433691756,1.0,0.0
1501600,Bonito - PA,8.03,2.25,38.35,0.04,0.01,48.68,0.16495480690221856,0.0462202136400986,0.787797863599014,0.0008216926869350863,0.0002054231717337716,1.0,0.0
1501709,Bragança - PA,6.83,1.9,41.17,0.02,0.04,49.96000000000001,0.13670936749399518,0.03803042433947157,0.8240592473979182,0.0004003202562049639,0.0008006405124099278,0.9999999999999999,1.1102230246251565e-16
1501725,Brasil Novo - PA,12.06,4.75,31.21,0.05,0.82,48.89,0.2466762119042749,0.09715688279811822,0.6383718551851094,0.0010227040294538761,0.016772346083043566,1.0,0.0
1501758,Brejo Grande do Araguaia - PA,8.31,5.16,35.15,0.06,0.62,49.3,0.16855983772819474,0.10466531440162273,0.7129817444219068,0.0012170385395537525,0.01257606490872211,1.0000000000000002,-2.220446049250313e-16
1501782,Breu Branco - PA,8.84,5.11,35.35,0.06,0.11,49.47,0.17869415807560138,0.10329492621790985,0.7145744895896503,0.001212856276531231,0.002223569840307257,1.0,0.0
1501808,Breves - PA,7.56,3.07,37.58,0.07,0.05,48.32999999999999,0.15642458100558662,0.06352162218084006,0.7775708669563419,0.0014483757500517282,0.0010345541071798059,1.0000000000000002,-2.220446049250313e-16
1501907,Bujaru - PA,5.23,5.84,38.17,0.03,0.06,49.330000000000005,0.10602067707277518,0.11838637745793633,0.7737684978714777,0.0006081491992702209,0.0012162983985404417,0.9999999999999999,1.1102230246251565e-16
1501956,Cachoeira do Piriá - PA,6.45,5.52,35.21,0.01,0.08,47.269999999999996,0.13645017981806645,0.11677596784429871,0.7448698963401735,0.00021155066638459913,0.001692405331076793,1.0,0.0
1502004,Cachoeira do Arari - PA,4.7,6.76,37.91,0.04,0.03,49.44,0.09506472491909386,0.13673139158576053,0.7667880258899676,0.0008090614886731392,0.0006067961165048544,1.0,0.0
1502103,Cametá - PA,8.82,3.48,36.33,0.02,0.05,48.699999999999996,0.18110882956878852,0.07145790554414785,0.7459958932238193,0.00041067761806981524,0.0010266940451745382,1.0,0.0
1502152,Canaã dos Carajás - PA,10.81,4.29,33.6,0.14,0.06,48.900000000000006,0.22106339468302658,0.08773006134969324,0.6871165644171778,0.0028629856850715747,0.0012269938650306747,0.9999999999999999,1.1102230246251565e-16
1502202,Capanema - PA,12.1,2.52,36.42,0.1,0.07,51.21,0.23628197617652802,0.0492091388400703,0.7111892208553017,0.0019527436047646945,0.0013669205233352861,1.0,0.0
1502301,Capitão Poço - PA,7.28,2.36,39.53,0.04,0.06,49.27,0.14775725593667546,0.047899330221229955,0.8023137812056017,0.0008118530545971179,0.0012177795818956768,1.0,0.0
1502400,Castanhal - PA,11.88,4.05,35.73,0.2,0.03,51.89,0.22894584698400464,0.07804972056272884,0.6885719791867411,0.003854307188282906,0.0005781460782424359,1.0,0.0
1502509,Chaves - PA,6.05,5.33,34.89,0.1,0.06,46.43,0.13030368296360112,0.11479646780099075,0.7514538014214948,0.0021537798836958866,0.0012922679302175316,1.0000000000000002,-2.220446049250313e-16
1502608,Colares - PA,8.58,2.77,38.5,0.02,0.05,49.92,0.171875,0.05548878205128205,0.7712339743589743,0.00040064102564102563,0.0010016025641025642,1.0,0.0
1502707,Conceição do Araguaia - PA,10.95,5.96,32.37,0.18,0.12,49.58,0.2208551835417507,0.12020976200080678,0.6528842275110932,0.003630496167809601,0.0024203307785397336,1.0,0.0
1502756,Concórdia do Pará - PA,6.7,7.97,34.74,0.12,0.07,49.6,0.1350806451612903,0.16068548387096773,0.7004032258064516,0.002419354838709677,0.0014112903225806453,1.0,0.0
1502764,Cumaru do Norte - PA,7.05,3.75,23.23,0.04,8.92,42.99,0.16399162595952546,0.08722958827634333,0.5403582228425216,0.0009304489416143289,0.20749011397999534,1.0,0.0
1502772,Curionópolis - PA,10.05,4.86,33.85,0.05,0.08,48.89,0.2055635099202291,0.09940683166291676,0.6923706279402742,0.0010227040294538761,0.0016363264471262017,1.0000000000000002,-2.220446049250313e-16
1502806,Curralinho - PA,7.38,2.69,37.2,0.02,0.02,47.31000000000001,0.1559923906150919,0.056859015007398,0.786303107165504,0.00042274360600295913,0.00042274360600295913,0.9999999999999998,2.220446049250313e-16
1502855,Curuá - PA,6.08,2.37,39.53,0.01,0.04,48.03,0.1265875494482615,0.04934415990006246,0.8230272746200291,0.00020820320632937748,0.0008328128253175099,1.0,0.0
1502905,Curuçá - PA,9.12,2.14,38.4,0.03,0.03,49.72,0.18342719227674978,0.04304102976669349,0.7723250201126307,0.0006033789219629927,0.0006033789219629927,0.9999999999999999,1.1102230246251565e-16
1502939,Dom Eliseu - PA,11.55,4.83,34.06,0.08,0.05,50.57,0.22839628238085824,0.09551117263199525,0.6735218508997429,0.0015819655922483687,0.0009887284951552303,1.0,0.0
1502954,Eldorado do Carajás - PA,9.43,5.49,33.73,0.05,0.07,48.769999999999996,0.19335657166290754,0.1125692023785114,0.6916136969448431,0.0010252204223908142,0.0014353085913471398,1.0,0.0
1503002,Faro - PA,6.52,0.97,40.7,0.0,0.45,48.64000000000001,0.13404605263157893,0.019942434210526314,0.8367598684210525,0.0,0.009251644736842105,0.9999999999999999,1.1102230246251565e-16
1503044,Floresta do Araguaia - PA,10.24,4.29,32.28,0.05,0.08,46.94,0.21815083084789094,0.0913932680017043,0.6876864081806562,0.0010651896037494675,0.001704303365999148,1.0,0.0
1503077,Garrafão do Norte - PA,6.68,2.75,39.09,0.08,0.01,48.61,0.13742028389220326,0.056572721662209426,0.8041555235548242,0.0016457519029006377,0.0002057189878625797,1.0,0.0
1503093,Goianésia do Pará - PA,9.59,4.59,34.27,0.03,0.2,48.68000000000001,0.1970008216926869,0.09428923582580113,0.7039852095316351,0.0006162695152013146,0.004108463434675431,0.9999999999999999,1.1102230246251565e-16
1503101,Gurupá - PA,8.14,2.56,36.63,0.02,0.09,47.44000000000001,0.17158516020236084,0.05396290050590218,0.7721332209106238,0.0004215851602023608,0.0018971332209106234,0.9999999999999999,1.1102230246251565e-16
1503200,Igarapé-Açu - PA,9.58,2.53,38.05,0.17,0.03,50.36,0.19023034154090548,0.05023828435266084,0.7555599682287529,0.0033756949960285945,0.0005957108816521048,1.0,0.0
1503309,Igarapé-Miri - PA,9.07,7.64,31.93,0.02,0.01,48.67,0.18635709882884735,0.15697554961988905,0.6560509554140127,0.0004109307581672488,0.0002054653790836244,0.9999999999999999,1.1102230246251565e-16
1503408,Inhangapi - PA,5.1,7.23,36.93,0.07,0.02,49.35,0.10334346504559269,0.14650455927051673,0.7483282674772036,0.0014184397163120568,0.0004052684903748733,1.0,0.0
1503457,Ipixuna do Pará - PA,7.69,4.31,36.34,0.05,0.05,48.44,0.15875309661436832,0.08897605284888521,0.7502064409578861,0.0010322047894302231,0.0010322047894302231,1.0,0.0
1503507,Irituia - PA,6.72,4.4,37.4,0.05,0.02,48.589999999999996,0.138300061741099,0.09055361185429102,0.7697057007614736,0.0010290183165260344,0.0004116073266104137,1.0,0.0
1503606,Itaituba - PA,9.84,4.57,34.21,0.06,0.81,49.49000000000001,0.19882804606991308,0.09234188724994948,0.691250757728834,0.0012123661345726407,0.01636694281673065,0.9999999999999999,1.1102230246251565e-16
1503705,Itupiranga - PA,8.8,5.54,32.77,0.08,0.46,47.65,0.1846799580272823,0.11626442812172089,0.6877229800629592,0.0016789087093389298,0.009653725078698846,1.0000000000000002,-2.220446049250313e-16
1503754,Jacareacanga - PA,3.54,2.08,14.03,0.03,28.08,47.76,0.07412060301507538,0.043551088777219436,0.2937604690117253,0.000628140703517588,0.5879396984924623,1.0,0.0
1503804,Jacundá - PA,10.69,5.43,34.69,0.08,0.05,50.93999999999999,0.20985473105614452,0.1065959952885748,0.6809972516686298,0.0015704750687082845,0.0009815469179426778,1.0000000000000002,-2.220446049250313e-16
1503903,Juruti - PA,6.09,2.01,40.32,0.07,0.11,48.6,0.12530864197530864,0.04135802469135802,0.8296296296296296,0.001440329218106996,0.0022633744855967077,0.9999999999999999,1.1102230246251565e-16
1504000,Limoeiro do Ajuru - PA,8.88,1.56,37.83,0.0,0.02,48.29,0.18388900393456203,0.03230482501553117,0.7833920066266308,0.0,0.0004141644232760406,1.0,0.0
1504059,Mãe do Rio - PA,9.92,3.82,36.98,0.09,0.03,50.84,0.19512195121951217,0.07513768686073957,0.7273800157356411,0.0017702596380802516,0.0005900865460267505,0.9999999999999999,1.1102230246251565e-16
1504109,Magalhães Barata - PA,8.17,2.07,38.6,0.0,0.01,48.85,0.16724667349027636,0.04237461617195496,0.7901740020470829,0.0,0.00020470829068577277,1.0,0.0
1504208,Marabá - PA,9.47,4.49,36.06,0.06,0.11,50.190000000000005,0.18868300458258616,0.08946005180314803,0.7184698147041243,0.001195457262402869,0.0021916716477385933,1.0,0.0
1504307,Maracanã - PA,8.36,2.33,38.07,0.02,0.04,48.82,0.17124129455141335,0.047726341663252764,0.779803359278984,0.00040966816878328555,0.0008193363375665711,1.0,0.0
1504406,Marapanim - PA,8.15,2.11,38.36,0.01,0.01,48.63999999999999,0.1675575657894737,0.04337993421052632,0.7886513157894738,0.00020559210526315794,0.00020559210526315794,1.0,0.0
1504422,Marituba - PA,10.54,4.63,35.8,0.05,0.05,51.06999999999999,0.2063833953397298,0.09065987859800276,0.7009986293322891,0.0009790483649892306,0.0009790483649892306,1.0,0.0
1504455,Medicilândia - PA,9.65,4.08,33.22,0.14,0.04,47.13,0.20475281137279863,0.08656906429026098,0.70485890091237,0.0029705071079991516,0.000848716316571186,1.0,0.0
1504505,Melgaço - PA,7.12,4.8,35.79,0.02,0.03,47.760000000000005,0.1490787269681742,0.10050251256281406,0.7493718592964823,0.00041876046901172525,0.0006281407035175878,0.9999999999999999,1.1102230246251565e-16
1504604,Mocajuba - PA,9.65,5.2,34.33,0.02,0.07,49.27,0.1958595494215547,0.10554089709762533,0.6967728841079763,0.00040592652729855896,0.0014207428455449563,0.9999999999999998,2.220446049250313e-16
1504703,Moju - PA,6.51,5.78,35.34,0.06,0.13,47.82000000000001,0.13613550815558342,0.1208699289000418,0.739021329987453,0.0012547051442910913,0.002718527812630698,1.0,0.0
1504752,Mojuí dos Campos - PA,7.31,2.38,38.13,0.06,0.08,47.96,0.15241868223519597,0.04962468723936614,0.7950375312760635,0.0012510425354462051,0.0016680567139282735,1.0,0.0
1504802,Monte Alegre - PA,8.54,2.57,38.18,0.09,0.05,49.43,0.17276957313372443,0.051992716973497874,0.7724054218086183,0.001820756625531054,0.0010115314586283633,1.0,0.0
1504901,Muaná - PA,7.06,2.02,40.22,0.01,0.0,49.309999999999995,0.14317582640438045,0.04096532143581424,0.815656053538836,0.00020279862096937745,0.0,1.0,0.0
1504950,Nova Esperança do Piriá - PA,7.68,2.77,38.06,0.05,0.08,48.64,0.15789473684210525,0.05694901315789474,0.782483552631579,0.0010279605263157894,0.001644736842105263,1.0,0.0
1504976,Nova Ipixuna - PA,7.5,6.71,33.47,0.03,0.02,47.730000000000004,0.1571338780641106,0.1405824429080243,0.7012361198407709,0.0006285355122564424,0.0004190236748376283,0.9999999999999998,2.220446049250313e-16
1505007,Nova Timboteua - PA,8.14,2.87,38.17,0.03,0.0,49.21000000000001,0.16541353383458646,0.058321479374110946,0.775655354602723,0.0006096321885795568,0.0,0.9999999999999999,1.1102230246251565e-16
1505031,Novo Progresso - PA,14.23,3.49,30.08,0.11,0.11,48.019999999999996,0.2963348604748022,0.07267805081216161,0.626405664306539,0.0022907122032486465,0.0022907122032486465,1.0,0.0
1505064,Novo Repartimento - PA,8.68,4.8,33.92,0.14,0.89,48.43000000000001,0.17922775139376415,0.09911212058641336,0.7003923188106544,0.00289077018377039,0.018377039025397477,0.9999999999999998,2.220446049250313e-16
1505106,Óbidos - PA,7.52,5.49,34.94,0.02,0.83,48.8,0.1540983606557377,0.11250000000000002,0.715983606557377,0.00040983606557377055,0.017008196721311476,1.0,0.0
1505205,Oeiras do Pará - PA,4.28,5.38,38.17,0.01,0.01,47.849999999999994,0.08944618599791015,0.11243469174503658,0.7977011494252875,0.00020898641588296764,0.00020898641588296764,1.0000000000000002,-2.220446049250313e-16
1505304,Oriximiná - PA,6.96,6.1,33.75,0.03,2.71,49.550000000000004,0.14046417759838545,0.12310797174571138,0.681130171543895,0.0006054490413723511,0.054692230070635714,1.0,0.0
1505403,Ourém - PA,6.74,5.33,37.12,0.06,0.08,49.33,0.13663085343604298,0.1080478410703426,0.75248327589702,0.001216298398540442,0.0016217311980539226,1.0,0.0
1505437,Ourilândia do Norte - PA,11.28,4.34,31.17,0.02,2.24,49.050000000000004,0.22996941896024461,0.08848114169215085,0.635474006116208,0.0004077471967380224,0.04566768603465851,0.9999999999999999,1.1102230246251565e-16
1505486,Pacajá - PA,8.21,4.37,34.73,0.02,0.04,47.370000000000005,0.17331644500738863,0.09225248047287311,0.7331644500738863,0.00042220814861726827,0.0008444162972345365,0.9999999999999999,1.1102230246251565e-16
1505494,Palestina do Pará - PA,8.63,5.66,34.23,0.04,0.04,48.599999999999994,0.1775720164609054,0.11646090534979425,0.704320987654321,0.000823045267489712,0.000823045267489712,1.0,0.0
1505502,Paragominas - PA,10.33,4.64,34.61,0.09,0.62,50.29,0.2054086299463114,0.09226486379001789,0.6882083913302843,0.001789620202823623,0.012328494730562736,0.9999999999999999,1.1102230246251565e-16
1505536,Parauapebas - PA,10.83,4.47,34.27,0.07,0.36,50.00000000000001,0.21659999999999996,0.08939999999999998,0.6854,0.0014,0.007199999999999999,0.9999999999999999,1.1102230246251565e-16
1505551,Pau D'Arco - PA,8.73,4.17,32.36,0.07,3.38,48.71,0.17922397864914802,0.08560870457811537,0.6643399712584684,0.001437076575651817,0.0693902689386163,1.0,0.0
1505601,Peixe-Boi - PA,9.93,2.32,36.97,0.05,0.01,49.279999999999994,0.2015016233766234,0.04707792207792208,0.7502029220779222,0.0010146103896103897,0.00020292207792207796,1.0000000000000002,-2.220446049250313e-16
1505635,Piçarra - PA,8.43,5.55,33.36,0.12,0.02,47.480000000000004,0.17754844144903115,0.11689132266217353,0.7026116259477674,0.0025273799494524006,0.00042122999157540015,0.9999999999999998,2.220446049250313e-16
1505650,Placas - PA,10.7,5.22,31.09,0.14,0.06,47.21,0.226646896843889,0.11056979453505612,0.658546918025842,0.0029654734166490154,0.0012709171785638634,0.9999999999999999,1.1102230246251565e-16
1505700,Ponta de Pedras - PA,8.23,3.73,36.58,0.02,0.03,48.59,0.1693764149001852,0.07676476641284215,0.7528298003704466,0.00041160732661041366,0.0006174109899156204,1.0,0.0
1505809,Portel - PA,6.81,2.88,38.08,0.01,0.02,47.8,0.14246861924686194,0.0602510460251046,0.796652719665272,0.0002092050209205021,0.0004184100418410042,0.9999999999999999,1.1102230246251565e-16
1505908,Porto de Moz - PA,5.95,2.18,39.72,0.02,0.11,47.980000000000004,0.12401000416840349,0.04543559816590246,0.8278449353897457,0.0004168403501458941,0.0022926219258024177,0.9999999999999999,1.1102230246251565e-16
1506005,Prainha - PA,5.07,3.58,39.38,0.04,0.03,48.1,0.10540540540540541,0.07442827442827443,0.8187110187110187,0.0008316008316008316,0.0006237006237006236,1.0,0.0
1506104,Primavera - PA,7.84,2.06,39.53,0.04,0.01,49.48,0.15844785772029105,0.04163298302344382,0.7989086499595797,0.0008084074373484237,0.00020210185933710592,1.0,0.0
1506112,Quatipuru - PA,9.97,2.26,36.96,0.01,0.06,49.26,0.20239545269995943,0.04587900933820544,0.7503045066991474,0.0002030044660982542,0.001218026796589525,1.0,0.0
1506138,Redenção - PA,12.69,5.6,32.11,0.07,0.19,50.66,0.25049348598499804,0.11054086063955784,0.6338333991314647,0.0013817607579944733,0.0037504934859849985,1.0000000000000002,-2.220446049250313e-16
1506161,Rio Maria - PA,12.05,4.96,31.99,0.21,0.08,49.29,0.24447149523229866,0.10062893081761007,0.6490160275918035,0.00426049908703591,0.0016230472712517752,1.0,0.0
1506187,Rondon do Pará - PA,10.58,3.41,34.43,0.02,0.09,48.53000000000001,0.21800947867298576,0.07026581495981866,0.7094580671749432,0.00041211621677312996,0.0018545229754790848,0.9999999999999999,1.1102230246251565e-16
1506195,Rurópolis - PA,9.89,4.43,34.16,0.06,0.1,48.64,0.20333059210526316,0.09107730263157894,0.7023026315789473,0.0012335526315789473,0.002055921052631579,0.9999999999999999,1.1102230246251565e-16
1506203,Salinópolis - PA,8.4,2.02,39.03,0.04,0.08,49.57,0.16945733306435345,0.04075045390357071,0.7873713939882994,0.0008069396812588259,0.0016138793625176519,1.0,0.0
1506302,Salvaterra - PA,5.46,10.08,34.45,0.02,0.05,50.06,0.10906911705952856,0.20135836995605272,0.688174190970835,0.00039952057530962844,0.0009988014382740712,0.9999999999999999,1.1102230246251565e-16
1506351,Santa Bárbara do Pará - PA,8.15,4.5,37.53,0.03,0.07,50.28,0.1620922832140016,0.08949880668257756,0.7464200477326969,0.0005966587112171837,0.0013922036595067622,1.0,0.0
1506401,Santa Cruz do Arari - PA,6.17,11.51,29.98,0.09,0.03,47.78,0.12913352867308497,0.24089577228966094,0.6274591879447468,0.0018836333193804938,0.0006278777731268313,0.9999999999999999,1.1102230246251565e-16
1506500,Santa Izabel do Pará - PA,7.79,4.12,33.56,0.18,0.06,45.71,0.1704222270837891,0.09013345001093853,0.7341938306716255,0.003937869175235178,0.001312623058411726,1.0,0.0
1506559,Santa Luzia do Pará - PA,8.48,3.26,36.11,0.07,1.81,49.730000000000004,0.1705208123868892,0.06555399155439372,0.7261210536899255,0.001407601045646491,0.03639654132314498,0.9999999999999999,1.1102230246251565e-16
1506583,Santa Maria das Barreiras - PA,10.19,4.07,32.4,0.1,0.24,47.0,0.21680851063829787,0.08659574468085107,0.6893617021276596,0.002127659574468085,0.005106382978723404,1.0,0.0
1506609,Santa Maria do Pará - PA,10.07,2.62,37.06,0.14,0.78,50.67,0.19873692520228933,0.05170712453128084,0.7313992500493389,0.002762976119992106,0.015393724097098875,1.0,0.0
1506708,Santana do Araguaia - PA,10.61,5.91,31.68,0.14,0.22,48.56,0.21849258649093903,0.12170510708401977,0.6523887973640856,0.002883031301482702,0.004530477759472817,0.9999999999999999,1.1102230246251565e-16
1506807,Santarém - PA,8.85,3.29,37.06,0.06,1.61,50.870000000000005,0.17397287202673478,0.06467466090033418,0.7285236878317279,0.0011794770984863375,0.031649302142716725,1.0,0.0
1506906,Santarém Novo - PA,7.15,2.35,37.97,0.08,0.05,47.599999999999994,0.15021008403361347,0.04936974789915967,0.7976890756302522,0.0016806722689075633,0.001050420168067227,1.0,0.0
1507003,Santo Antônio do Tauá - PA,9.37,3.01,37.35,0.09,0.06,49.88000000000001,0.18785084202084998,0.06034482758620688,0.7487971130713712,0.001804330392943063,0.0012028869286287087,0.9999999999999998,2.220446049250313e-16
1507102,São Caetano de Odivelas - PA,8.58,2.47,38.05,0.05,0.02,49.169999999999995,0.17449664429530204,0.05023388244864756,0.7738458409599349,0.0010168802115110842,0.00040675208460443367,1.0000000000000002,-2.220446049250313e-16
1507151,São Domingos do Araguaia - PA,9.05,4.74,35.17,0.08,0.16,49.199999999999996,0.18394308943089435,0.09634146341463416,0.7148373983739839,0.0016260162601626018,0.0032520325203252037,1.0000000000000002,-2.220446049250313e-16
1507201,São Domingos do Capim - PA,5.62,4.56,37.44,0.03,0.01,47.66,0.11791859001258918,0.09567771716323961,0.7855644146034411,0.0006294586655476291,0.00020981955518254304,1.0,0.0
1507300,São Félix do Xingu - PA,8.67,4.02,32.17,0.05,1.85,46.76,0.18541488451668092,0.08597091531223267,0.6879811804961506,0.00106928999144568,0.039563729683490166,1.0,0.0
1507409,São Francisco do Pará - PA,8.85,2.52,37.85,0.05,0.06,49.33,0.17940401378471518,0.05108453273869856,0.7672815730792621,0.0010135819987837017,0.001216298398540442,1.0,0.0
1507458,São Geraldo do Araguaia - PA,9.57,5.76,33.23,0.06,0.91,49.529999999999994,0.19321623258631135,0.11629315566323441,0.6709065213002221,0.0012113870381586919,0.018372703412073494,1.0,0.0
1507466,São João da Ponta - PA,4.88,1.38,42.08,0.05,0.0,48.38999999999999,0.10084728249638356,0.02851828890266584,0.8696011572638975,0.0010332713370531104,0.0,1.0,0.0
1507474,São João de Pirabas - PA,8.54,1.93,37.99,0.02,0.01,48.49,0.17611878737884099,0.039802021035265,0.7834605073210972,0.00041245617653124357,0.00020622808826562179,1.0,0.0
1507508,São João do Araguaia - PA,6.86,5.61,34.06,0.05,0.07,46.65,0.14705251875669884,0.12025723472668812,0.7301178992497321,0.0010718113612004287,0.0015005359056806005,1.0,0.0
1507607,São Miguel do Guamá - PA,5.64,4.87,39.93,0.05,0.03,50.519999999999996,0.11163895486935867,0.09639746634996042,0.7903800475059383,0.0009897070467141727,0.0005938242280285036,1.0,0.0
1507706,São Sebastião da Boa Vista - PA,10.01,2.31,35.58,0.07,0.04,48.01,0.20849822953551345,0.04811497604665695,0.7410956050822746,0.0014580295771714229,0.0008331597583836701,1.0,0.0
1507755,Sapucaia - PA,9.44,3.37,36.33,0.05,0.05,49.239999999999995,0.1917140536149472,0.06844029244516654,0.7378147847278635,0.001015434606011373,0.001015434606011373,1.0,0.0
1507805,Senador José Porfírio - PA,6.56,5.0,32.51,0.11,1.81,45.989999999999995,0.14263970428353992,0.10871928680147859,0.7068928027832138,0.002391824309632529,0.03935638182213525,1.0,0.0
1507904,Soure - PA,5.97,8.82,35.79,0.03,0.07,50.68,0.11779794790844514,0.17403314917127072,0.7061957379636937,0.0005919494869771112,0.0013812154696132598,1.0,0.0
1507953,Tailândia - PA,9.42,5.14,34.8,0.13,0.06,49.550000000000004,0.19011099899091824,0.10373360242179615,0.7023208879919273,0.0026236125126135215,0.0012108980827447021,0.9999999999999999,1.1102230246251565e-16
1507961,Terra Alta - PA,8.62,2.63,37.67,0.13,0.02,49.07000000000001,0.1756674138985123,0.05359690238434888,0.7676788261667006,0.0026492765437130627,0.00040758100672508654,0.9999999999999999,1.1102230246251565e-16
1507979,Terra Santa - PA,7.77,1.37,40.11,0.01,0.05,49.309999999999995,0.15757452849320625,0.02778341107280471,0.8134252687081729,0.00020279862096937745,0.0010139931048468872,1.0000000000000002,-2.220446049250313e-16
1508001,Tomé-Açu - PA,8.06,5.14,35.11,0.38,0.39,49.080000000000005,0.16422167889160552,0.10472697636511816,0.7153626731866339,0.007742461287693561,0.007946210268948655,0.9999999999999998,2.220446049250313e-16
1508035,Tracuateua - PA,4.47,1.54,42.54,0.01,0.03,48.589999999999996,0.09199423749742745,0.03169376414900186,0.8754887837003499,0.00020580366330520686,0.0006174109899156205,1.0,0.0
1508050,Trairão - PA,9.4,3.53,33.25,0.03,1.17,47.38,0.19839594765723934,0.07450401013085689,0.701772899957788,0.0006331785563528915,0.024693963697762767,1.0,0.0
1508084,Tucumã - PA,13.93,3.65,32.33,0.09,0.04,50.04,0.27837729816147083,0.07294164668265388,0.6460831334932055,0.0017985611510791366,0.0007993605115907274,1.0,0.0
1508100,Tucuruí - PA,11.81,5.3,32.94,0.05,0.43,50.529999999999994,0.23372254106471407,0.10488818523649318,0.6518899663566199,0.0009895111814763509,0.008509796160696617,1.0000000000000002,-2.220446049250313e-16
1508126,Ulianópolis - PA,11.37,4.12,34.34,0.08,0.05,49.959999999999994,0.22758206565252204,0.0824659727782226,0.6873498799039233,0.0016012810248198562,0.00100080064051241,1.0000000000000002,-2.220446049250313e-16
1508159,Uruará - PA,10.62,4.29,32.58,0.02,0.12,47.629999999999995,0.22296871719504516,0.09006928406466513,0.6840226747847995,0.00041990342221289107,0.0025194205332773464,1.0,0.0
1508209,Vigia - PA,10.98,3.06,35.37,0.02,0.03,49.46,0.22199757379700769,0.06186817630408411,0.7151233319854428,0.0004043671653861706,0.000606550748079256,1.0,0.0
1508308,Viseu - PA,5.66,2.44,39.9,0.03,0.05,48.08,0.11772046589018303,0.05074875207986689,0.8298668885191348,0.0006239600665557404,0.0010399334442595675,1.0,0.0
1508357,Vitória do Xingu - PA,8.69,4.01,33.97,0.09,1.77,48.53000000000001,0.17906449618792494,0.08262930146301255,0.6999793941891612,0.0018545229754790848,0.036472285184422,0.9999999999999998,2.220446049250313e-16
1508407,Xinguara - PA,11.86,4.13,33.61,0.08,0.06,49.739999999999995,0.2384398874145557,0.08303176517893045,0.6757137112987536,0.0016083634901487738,0.0012062726176115804,1.0,0.0
