municipality_code,municipality_name,som_profile,promethee_rank,promethee_net_flow,top_10,top_quartile,robustness_top_quartile_probability
1500107,Abaetetuba,3,139,-0.2394316353136764,False,False,0.0
1500131,Abel Figueiredo,1,14,0.1144194981219159,False,True,0.5827
1500206,Acará,3,56,0.0339889225426072,False,False,0.2268
1500305,Afuá,4,15,0.1108611480157066,False,True,0.805
1500347,Água Azul do Norte,3,33,0.0714183921057945,False,True,0.493
1500404,Alenquer,4,27,0.0827019958203452,False,True,0.6426
1500503,Almeirim,3,48,0.0549041996338014,False,False,0.3451
1500602,Altamira,1,132,-0.1679244234921958,False,False,0.0024
1500701,Anajás,4,40,0.0677989944554758,False,False,0.4817
1500800,Ananindeua,1,142,-0.2985366866574054,False,False,0.0
1500859,Anapu,4,37,0.0689404665976639,False,False,0.5003
1500909,Augusto Corrêa,4,73,0.0085166444933417,False,False,0.0
1500958,Aurora do Pará,3,126,-0.1082999431200648,False,False,0.0003
1501006,Aveiro,4,13,0.115383841213345,False,True,0.8748
1501105,Bagre,4,8,0.1671143700314881,True,True,1.0
1501204,Baião,3,118,-0.0742556377908454,False,False,0.0027
1501253,Bannach,3,4,0.2178327047212709,True,True,0.9473
1501303,Barcarena,1,140,-0.2577716584308578,False,False,0.0
1501402,Belém,1,144,-0.4074306957644368,False,False,0.0
1501451,Belterra,2,26,0.0831903437426402,False,True,0.7139
1501501,Benevides,1,117,-0.0704666382357022,False,False,0.0
1501576,Bom Jesus do Tocantins,2,59,0.0320872037892815,False,False,0.115
1501600,Bonito,2,131,-0.1441011791330853,False,False,0.0
1501709,Bragança,2,128,-0.1351588414266893,False,False,0.0
1501725,Brasil Novo,3,30,0.072512121798778,False,True,0.3855
1501758,Brejo Grande do Araguaia,3,51,0.0453705340733769,False,False,0.2994
1501782,Breu Branco,3,61,0.0282754958997749,False,False,0.0785
1501808,Breves,4,133,-0.169118657801423,False,False,0.0076
1501907,Bujaru,3,74,0.0073292853630676,False,False,0.0456
1501956,Cachoeira do Piriá,3,63,0.0262739807049444,False,False,0.1042
1502004,Cachoeira do Arari,3,35,0.0692613461229705,False,True,0.5223
1502103,Cametá,3,108,-0.0501082720650544,False,False,0.0908
1502152,Canaã dos Carajás,1,124,-0.0960717903693884,False,False,0.0345
1502202,Capanema,2,134,-0.1708556976146529,False,False,0.0
1502301,Capitão Poço,2,89,-0.0128805100312261,False,False,0.0
1502400,Castanhal,1,143,-0.303292891587662,False,False,0.0
1502509,Chaves,4,23,0.0924502716813248,False,True,0.6926
1502608,Colares,2,11,0.1349953295632244,False,True,0.6828
1502707,Conceição do Araguaia,1,44,0.0605681595408445,False,False,0.4101
1502756,Concórdia do Pará,3,95,-0.0221708669517228,False,False,0.0
1502764,Cumaru do Norte,3,12,0.1164656660165274,False,True,0.739
1502772,Curionópolis,1,72,0.0092980632593199,False,False,0.1352
1502806,Curralinho,4,31,0.0720501265038291,False,True,0.5638
1502855,Curuá,4,99,-0.0346076344370804,False,False,0.0953
1502905,Curuçá,2,91,-0.0154426125414361,False,False,0.0
1502939,Dom Eliseu,1,81,-0.0029341604512423,False,False,0.0043
1502954,Eldorado do Carajás,3,58,0.0326476463381706,False,False,0.1857
1503002,Faro,4,60,0.0298574634959112,False,False,0.1546
1503044,Floresta do Araguaia,3,39,0.067829954692994,False,False,0.4585
1503077,Garrafão do Norte,2,82,-0.0030080276160496,False,False,0.0
1503093,Goianésia do Pará,3,67,0.0153036040879273,False,False,0.0008
1503101,Gurupá,4,34,0.0692713072763021,False,True,0.5159
1503200,Igarapé-Açu,2,112,-0.0511478297722248,False,False,0.0
1503309,Igarapé-Miri,3,69,0.0115501194501297,False,False,0.0023
1503408,Inhangapi,3,16,0.1106825449812666,False,True,0.5629
1503457,Ipixuna do Pará,4,75,0.0070586908876918,False,False,0.0
1503507,Irituia,3,71,0.0102795586472822,False,False,0.0912
1503606,Itaituba,1,136,-0.2129422503747257,False,False,0.0
1503705,Itupiranga,3,50,0.0491514482370173,False,False,0.3505
1503754,Jacareacanga,4,18,0.1033477298449179,False,True,0.9592
1503804,Jacundá,1,86,-0.0081059108664227,False,False,0.0045
1503903,Juruti,4,93,-0.0192650854942923,False,False,0.1473
1504000,Limoeiro do Ajuru,4,17,0.1048824948316475,False,True,0.7181
1504059,Mãe do Rio,2,104,-0.0432700393348272,False,False,0.0
1504109,Magalhães Barata,2,83,-0.0032889485175537,False,False,0.0001
1504208,Marabá,1,138,-0.2292859485585374,False,False,0.0
1504307,Maracanã,2,77,0.0063365415368734,False,False,0.0092
1504406,Marapanim,2,85,-0.0078765413707083,False,False,0.0
1504422,Marituba,1,119,-0.0753738904891723,False,False,0.0
1504455,Medicilândia,3,24,0.0858163760354935,False,True,0.7321
1504505,Melgaço,4,29,0.0780739344844562,False,True,0.6191
1504604,Mocajuba,3,79,0.0008603611837649,False,False,0.0
1504703,Moju,3,122,-0.091752838962771,False,False,0.0025
1504752,Mojuí dos Campos,2,19,0.0970757850795652,False,True,0.8786
1504802,Monte Alegre,2,28,0.0824413601816144,False,True,0.6255
1504901,Muaná,4,32,0.0719723401825703,False,True,0.5725
1504950,Nova Esperança do Piriá,4,78,0.0016342859869448,False,False,0.0
1504976,Nova Ipixuna,3,120,-0.0754884563310106,False,False,0.0042
1505007,Nova Timboteua,2,109,-0.0505385672378627,False,False,0.0
1505031,Novo Progresso,1,21,0.0947172866364539,False,True,0.678
1505064,Novo Repartimento,3,49,0.0506776425614673,False,False,0.3651
1505106,Óbidos,3,41,0.0644899803839128,False,False,0.3896
1505205,Oeiras do Pará,4,36,0.0692479840431148,False,True,0.4319
1505304,Oriximiná,3,45,0.0595590182455972,False,False,0.3324
1505403,Ourém,3,129,-0.1381144909587588,False,False,0.0
1505437,Ourilândia do Norte,3,116,-0.0701765677607338,False,False,0.1032
1505486,Pacajá,3,111,-0.0507736994530324,False,False,0.0907
1505494,Palestina do Pará,3,9,0.1487911343219443,True,True,0.7393
1505502,Paragominas,1,130,-0.1409699825658881,False,False,0.0
1505536,Parauapebas,1,137,-0.218416175867727,False,False,0.0011
1505551,Pau D'Arco,3,7,0.1763407974244889,True,True,0.8203
1505601,Peixe-Boi,2,98,-0.0312605059478248,False,False,0.0
1505635,Piçarra,3,6,0.192139634361444,True,True,0.8955
1505650,Placas,3,25,0.0839710477065152,False,True,0.7381
1505700,Ponta de Pedras,3,46,0.0584244454483392,False,False,0.3313
1505809,Portel,4,42,0.0631857290009637,False,False,0.409
1505908,Porto de Moz,4,110,-0.0507045249595508,False,False,0.0755
1506005,Prainha,4,20,0.0954663631460132,False,True,0.8168
1506104,Primavera,2,96,-0.0251032851019016,False,False,0.0
1506112,Quatipuru,2,102,-0.0387152746541249,False,False,0.0
1506138,Redenção,1,135,-0.1993554131670623,False,False,0.0162
1506161,Rio Maria,1,54,0.0376067364432616,False,False,0.2888
1506187,Rondon do Pará,1,65,0.0216065136448735,False,False,0.0409
1506195,Rurópolis,3,107,-0.0483237358608583,False,False,0.016
1506203,Salinópolis,2,106,-0.0465445754759588,False,False,0.0
1506302,Salvaterra,3,55,0.0374121950678801,False,False,0.1906
1506351,Santa Bárbara do Pará,3,100,-0.0357903962854864,False,False,0.0
1506401,Santa Cruz do Arari,3,2,0.2584090483161511,True,True,0.911
1506500,Santa Izabel do Pará,1,115,-0.0591047538289942,False,False,0.0
1506559,Santa Luzia do Pará,2,88,-0.0117057109093074,False,False,0.0
1506583,Santa Maria das Barreiras,3,3,0.2186650072098575,True,True,0.9396
1506609,Santa Maria do Pará,2,114,-0.051222359434999,False,False,0.0
1506708,Santana do Araguaia,1,105,-0.0440317639312227,False,False,0.1759
1506807,Santarém,1,141,-0.2874133144108451,False,False,0.0
1506906,Santarém Novo,2,68,0.0118922976137057,False,False,0.0819
1507003,Santo Antônio do Tauá,2,101,-0.0366320889990557,False,False,0.0
1507102,São Caetano de Odivelas,2,84,-0.0064900141923871,False,False,0.0
1507151,São Domingos do Araguaia,3,66,0.0207350615002259,False,False,0.1072
1507201,São Domingos do Capim,3,62,0.0262748789894589,False,False,0.1606
1507300,São Félix do Xingu,3,90,-0.0152759996342501,False,False,0.2372
1507409,São Francisco do Pará,2,94,-0.0207153848964647,False,False,0.0
1507458,São Geraldo do Araguaia,3,53,0.0391214173313815,False,False,0.2639
1507466,São João da Ponta,2,57,0.0335587425663323,False,False,0.2163
1507474,São João de Pirabas,2,92,-0.0190956498144693,False,False,0.0
1507508,São João do Araguaia,3,47,0.0566145771507987,False,False,0.4284
1507607,São Miguel do Guamá,3,113,-0.0512126526526679,False,False,0.0
1507706,São Sebastião da Boa Vista,4,38,0.0678956590170929,False,False,0.4833
1507755,Sapucaia,1,10,0.1401018858586221,True,True,0.686
1507805,Senador José Porfírio,4,1,0.2604714688433681,True,True,0.9887
1507904,Soure,3,125,-0.09977238095674,False,False,0.0236
1507953,Tailândia,1,87,-0.0105492263458496,False,False,0.0045
1507961,Terra Alta,2,22,0.0934273457971076,False,True,0.4634
1507979,Terra Santa,2,64,0.0235380434844495,False,False,0.1243
1508001,Tomé-Açu,4,80,-0.0022495292283392,False,False,0.0
1508035,Tracuateua,2,70,0.0105405011961246,False,False,0.0441
1508050,Trairão,3,5,0.2084886889234546,True,True,0.985
1508084,Tucumã,1,52,0.041340670303923,False,False,0.3312
1508100,Tucuruí,1,127,-0.1225935481389837,False,False,0.0
1508126,Ulianópolis,1,76,0.0065462724639297,False,False,0.0001
1508159,Uruará,3,43,0.0631741381021833,False,False,0.2385
1508209,Vigia,2,103,-0.0396709852178375,False,False,0.0
1508308,Viseu,4,121,-0.0887833211730585,False,False,0.0002
1508357,Vitória do Xingu,3,97,-0.0286897834214388,False,False,0.0745
1508407,Xinguara,1,123,-0.0928530029718143,False,False,0.0399
