municipality_code,municipality_name,diagnostic__female_population_9514,female_15_29_count,female_30_59_count,female_60_plus_count,socio__female_age_share_15_29,socio__female_age_share_30_59,socio__female_age_share_60_plus,diagnostic__female_age_selected_share_sum
1500107,Abaetetuba - PA,78891.0,21471.0,30471.0,8358.0,0.27216032247024374,0.3862417766285128,0.10594364376164582,0.7643457428604022
1500131,Abel Figueiredo - PA,3023.0,695.0,1176.0,383.0,0.22990406880582204,0.38901753225272906,0.12669533575917963,0.7456169368177308
1500206,Acará - PA,28472.0,7590.0,10141.0,2870.0,0.2665776903624614,0.35617448721551,0.10080078673784772,0.7235529643158192
1500305,Afuá - PA,18057.0,5188.0,5413.0,1306.0,0.28731239962341476,0.29977294124162374,0.07232652157058204,0.6594118624356206
1500347,Água Azul do Norte - PA,8384.0,2144.0,3252.0,702.0,0.25572519083969464,0.38788167938931295,0.08373091603053436,0.727337786259542
1500404,Alenquer - PA,33688.0,9108.0,11318.0,3091.0,0.2703633341249109,0.3359653289004987,0.09175374020422702,0.6980824032296367
1500503,Almeirim - PA,16633.0,4532.0,5687.0,1397.0,0.27247039018818014,0.34191065953225513,0.08398965911140503,0.6983707088318403
1500602,Altamira - PA,63337.0,16647.0,25160.0,5714.0,0.2628321518227892,0.39724015978022326,0.0902158296098647,0.7502881412128772
1500701,Anajás - PA,13503.0,4069.0,3861.0,788.0,0.30134044286454864,0.2859364585647634,0.05835740205880175,0.6456343034881138
1500800,Ananindeua - PA,251474.0,58920.0,112778.0,33336.0,0.23429857559827258,0.4484678336527832,0.13256241201873753,0.8153288212697933
1500859,Anapu - PA,15245.0,4273.0,5285.0,1021.0,0.2802886192194162,0.3466710396851427,0.06697277795998688,0.6939324368645459
1500909,Augusto Corrêa - PA,21776.0,5840.0,7370.0,2143.0,0.26818515797207937,0.33844599559147687,0.09841109478324761,0.7050422483468038
1500958,Aurora do Pará - PA,11695.0,3093.0,4181.0,1130.0,0.2644719965797349,0.35750320649850365,0.09662248824283882,0.7185976913210774
1501006,Aveiro - PA,8704.0,2267.0,2754.0,882.0,0.2604549632352941,0.31640625,0.1013327205882353,0.6781939338235294
1501105,Bagre - PA,15639.0,4759.0,3954.0,729.0,0.30430334420359356,0.2528294647995396,0.0466142336466526,0.6037470426497857
1501204,Baião - PA,25724.0,7669.0,9715.0,2284.0,0.2981262634116001,0.37766288291090033,0.08878867983206344,0.7645778261545638
1501253,Bannach - PA,1867.0,460.0,736.0,189.0,0.24638457418318158,0.3942153186930905,0.10123192287091591,0.7418318157471879
1501303,Barcarena - PA,63256.0,16838.0,25380.0,5477.0,0.2661881876818009,0.40122676109776145,0.0865846718097888,0.7539996205893512
1501402,Belém - PA,692626.0,151142.0,305000.0,121569.0,0.2182158914045964,0.44035309098994263,0.17551896694608635,0.8340879493406255
1501451,Belterra - PA,8935.0,2291.0,3207.0,1127.0,0.25640738668158924,0.3589255735870173,0.12613318410744265,0.7414661443760493
1501501,Benevides - PA,32316.0,8107.0,13460.0,3520.0,0.2508664438668152,0.41651194454759255,0.10892437182819656,0.7763027602426044
1501576,Bom Jesus do Tocantins - PA,8036.0,2040.0,3114.0,964.0,0.2538576406172225,0.3875062220009955,0.11996017919362867,0.7613240418118467
1501600,Bonito - PA,6145.0,1654.0,2396.0,660.0,0.2691619202603743,0.38991049633848657,0.10740439381611067,0.7664768104149715
1501709,Bragança - PA,61501.0,15888.0,23582.0,6920.0,0.2583372628087348,0.38344091965984295,0.11251849563421733,0.7542966781027951
1501725,Brasil Novo - PA,12083.0,3107.0,4602.0,1195.0,0.2571381279483572,0.3808656790532153,0.09889927998013738,0.7369030869817099
1501758,Brejo Grande do Araguaia - PA,3344.0,792.0,1251.0,419.0,0.23684210526315788,0.3741028708133971,0.12529904306220097,0.7362440191387559
1501782,Breu Branco - PA,22612.0,6016.0,8194.0,2185.0,0.2660534229612595,0.36237396072881656,0.09663010790730586,0.7250574915973819
1501808,Breves - PA,51690.0,15149.0,15501.0,4033.0,0.2930740955697427,0.29988392338943703,0.07802282840007739,0.670980847359257
1501907,Bujaru - PA,12030.0,3269.0,4198.0,1251.0,0.271737323358271,0.34896093100581876,0.10399002493765586,0.7246882793017456
1501956,Cachoeira do Piriá - PA,9279.0,2656.0,3169.0,740.0,0.2862377411358983,0.3415238711068003,0.07974997305744154,0.7075115853001401
1502004,Cachoeira do Arari - PA,11855.0,3227.0,4207.0,1223.0,0.2722058203289751,0.35487136229439054,0.10316322226908478,0.7302404048924505
1502103,Cametá - PA,65344.0,18554.0,22650.0,6738.0,0.28394343780607245,0.34662708129285014,0.10311581782566112,0.7336863369245837
1502152,Canaã dos Carajás - PA,37692.0,10751.0,14765.0,1902.0,0.2852329406770667,0.3917276875729598,0.05046163642152181,0.7274222646715482
1502202,Capanema - PA,36044.0,8853.0,15108.0,4684.0,0.24561646876040394,0.4191543668849184,0.12995228054599933,0.7947231161913217
1502301,Capitão Poço - PA,27835.0,7457.0,10926.0,2929.0,0.2679001257409736,0.3925273935692474,0.1052272319022813,0.7656547512125023
1502400,Castanhal - PA,99750.0,25265.0,42199.0,11691.0,0.2532832080200501,0.42304761904761906,0.11720300751879699,0.7935338345864661
1502509,Chaves - PA,9639.0,2699.0,2955.0,746.0,0.28000829961614276,0.30656707127295363,0.07739392053117543,0.6639692914202718
1502608,Colares - PA,6422.0,1501.0,2456.0,881.0,0.23372781065088757,0.38243537838679537,0.13718467767050763,0.7533478667081905
1502707,Conceição do Araguaia - PA,22127.0,5215.0,8676.0,3254.0,0.23568490983865864,0.3921001491390609,0.14706015275455325,0.7748452117322728
1502756,Concórdia do Pará - PA,13331.0,3577.0,4837.0,1253.0,0.2683219563423599,0.362838496736929,0.0939914485034881,0.725151901582777
1502764,Cumaru do Norte - PA,6330.0,1738.0,2266.0,312.0,0.274565560821485,0.3579778830963665,0.04928909952606635,0.6818325434439177
1502772,Curionópolis - PA,9754.0,2504.0,3541.0,1039.0,0.25671519376665985,0.36303055156858727,0.10652040188640557,0.7262661472216526
1502806,Curralinho - PA,16040.0,4930.0,4760.0,1087.0,0.307356608478803,0.2967581047381546,0.06776807980049876,0.6718827930174562
1502855,Curuá - PA,6779.0,1856.0,2341.0,596.0,0.27378669420268475,0.3453311697890544,0.08791857206077593,0.7070364360525151
1502905,Curuçá - PA,20517.0,5232.0,7923.0,2799.0,0.2550080421114198,0.3861675683579471,0.1364234537213043,0.7775990641906712
1502939,Dom Eliseu - PA,29577.0,8024.0,11321.0,2422.0,0.271291882205768,0.3827636339047233,0.08188795347736416,0.7359434695878555
1502954,Eldorado do Carajás - PA,13749.0,3501.0,5153.0,1339.0,0.25463670085097095,0.3747908938831915,0.09738890101098262,0.7268164957451451
1503002,Faro - PA,4245.0,1240.0,1422.0,411.0,0.2921083627797409,0.334982332155477,0.09681978798586573,0.7239104829210837
1503044,Floresta do Araguaia - PA,8400.0,2161.0,3319.0,804.0,0.25726190476190475,0.3951190476190476,0.09571428571428571,0.748095238095238
1503077,Garrafão do Norte - PA,12009.0,3337.0,4433.0,1135.0,0.27787492713797984,0.3691398118078108,0.0945124489965859,0.7415271879423766
1503093,Goianésia do Pará - PA,12837.0,3176.0,5104.0,1218.0,0.2474098309573888,0.3976006855184233,0.09488198177144193,0.739892498247254
1503101,Gurupá - PA,15079.0,4617.0,4474.0,1130.0,0.306187412958419,0.2967040254658797,0.07493865640957623,0.6778300948338749
1503200,Igarapé-Açu - PA,18030.0,4495.0,7145.0,2429.0,0.2493067110371603,0.3962839711591791,0.13471991125901275,0.7803105934553521
1503309,Igarapé-Miri - PA,31557.0,8583.0,11629.0,3135.0,0.27198402890008555,0.36850777957347025,0.0993440441106569,0.7398358525842127
1503408,Inhangapi - PA,5096.0,1315.0,1859.0,634.0,0.25804552590266877,0.3647959183673469,0.12441130298273155,0.7472527472527472
1503457,Ipixuna do Pará - PA,14692.0,3981.0,5203.0,1190.0,0.2709637898175878,0.35413830656139395,0.08099646065886197,0.7060985570378437
1503507,Irituia - PA,15044.0,3706.0,5693.0,1950.0,0.24634405743153417,0.3784232916777453,0.12961978197287954,0.754387131082159
1503606,Itaituba - PA,61026.0,17170.0,22787.0,5415.0,0.2813554878248615,0.37339822370792775,0.0887326713204208,0.7434863828532101
1503705,Itupiranga - PA,23706.0,6261.0,8762.0,2225.0,0.26411035180966846,0.36961106892769763,0.09385809499704716,0.7275795157344132
1503754,Jacareacanga - PA,11482.0,3276.0,3209.0,539.0,0.28531614701271557,0.2794809266678279,0.04694304128200662,0.6117401149625501
1503804,Jacundá - PA,19203.0,4619.0,7577.0,2266.0,0.24053533302088215,0.39457376451596105,0.11800239545904286,0.7531114929958861
1503903,Juruti - PA,24727.0,6920.0,7936.0,2028.0,0.2798560278238363,0.32094471630201804,0.08201561046629191,0.6828163545921462
1504000,Limoeiro do Ajuru - PA,14278.0,4315.0,4753.0,1072.0,0.3022131951253677,0.33288976047065416,0.07508054349348649,0.7101834990895084
1504059,Mãe do Rio - PA,17466.0,4755.0,6700.0,1877.0,0.2722432153899004,0.3836024275735715,0.10746593381426772,0.7633115767777395
1504109,Magalhães Barata - PA,3964.0,861.0,1490.0,644.0,0.21720484359233097,0.375882946518668,0.16246215943491424,0.7555499495459133
1504208,Marabá - PA,133761.0,35756.0,53426.0,11751.0,0.2673125948520122,0.39941387997996425,0.08785071881938682,0.7545771936513632
1504307,Maracanã - PA,12679.0,3144.0,4698.0,1866.0,0.2479690827352315,0.370533953781844,0.1471724899440019,0.7656755264610774
1504406,Marapanim - PA,12926.0,2879.0,5173.0,2023.0,0.22272938263964104,0.40020114497911186,0.15650626643973387,0.7794367940584868
1504422,Marituba - PA,57093.0,14434.0,24820.0,5683.0,0.2528155815949416,0.43472930131539766,0.09953934808120085,0.78708423099154
1504455,Medicilândia - PA,12769.0,3266.0,4803.0,1166.0,0.25577570678988176,0.37614535202443417,0.0913149032813846,0.7232359620957005
1504505,Melgaço - PA,13313.0,4089.0,3306.0,651.0,0.3071433936753549,0.2483287012694359,0.048899571847066774,0.6043716667918576
1504604,Mocajuba - PA,13398.0,3939.0,4628.0,1373.0,0.29399910434393195,0.34542469025227646,0.10247798178832662,0.741901776384535
1504703,Moju - PA,40213.0,11453.0,14300.0,3058.0,0.28480839529505386,0.3556063959416109,0.07604506005520603,0.7164598512918708
1504752,Mojuí dos Campos - PA,11270.0,2834.0,4313.0,1299.0,0.2514640638864241,0.3826974267968057,0.1152617568766637,0.7494232475598935
1504802,Monte Alegre - PA,29661.0,7771.0,10851.0,3590.0,0.2619938639964937,0.3658339233336705,0.12103435487677422,0.7488621422069384
1504901,Muaná - PA,22371.0,6352.0,7842.0,1863.0,0.28393902820615974,0.35054311385275577,0.08327745742255599,0.7177595994814715
1504950,Nova Esperança do Piriá - PA,9962.0,2799.0,3474.0,672.0,0.2809676771732584,0.3487251555912467,0.06745633406946397,0.697149166833969
1504976,Nova Ipixuna - PA,6661.0,1598.0,2596.0,791.0,0.239903918330581,0.3897312715808437,0.11875093829755291,0.7483861282089777
1505007,Nova Timboteua - PA,6303.0,1352.0,2666.0,1053.0,0.21450103125495795,0.42297318737109313,0.16706330318895765,0.8045375218150088
1505031,Novo Progresso - PA,16151.0,4364.0,6307.0,1125.0,0.2701999876168658,0.39050213609064455,0.06965512971333045,0.7303572534208408
1505064,Novo Repartimento - PA,29423.0,7971.0,10732.0,2506.0,0.2709105121843456,0.36474866600958433,0.08517146450056079,0.7208306426944907
1505106,Óbidos - PA,25485.0,6535.0,8886.0,2870.0,0.25642534824406515,0.34867569158328426,0.11261526388071415,0.7177163037080636
1505205,Oeiras do Pará - PA,16201.0,4697.0,5158.0,1197.0,0.2899203752854762,0.31837540892537497,0.07388432812789333,0.6821801123387445
1505304,Oriximiná - PA,33838.0,9076.0,11651.0,3199.0,0.2682191618890005,0.3443170400141852,0.09453868431940422,0.70707488622259
1505403,Ourém - PA,8808.0,2188.0,3448.0,1107.0,0.24841053587647594,0.39146230699364215,0.12568119891008175,0.7655540417801999
1505437,Ourilândia do Norte - PA,15925.0,4155.0,6209.0,1237.0,0.2609105180533752,0.3898901098901099,0.07767660910518054,0.7284772370486656
1505486,Pacajá - PA,19465.0,5167.0,7043.0,1569.0,0.26545080914461855,0.3618289237092217,0.0806062162856409,0.7078859491394811
1505494,Palestina do Pará - PA,3347.0,779.0,1248.0,432.0,0.2327457424559307,0.3728712279653421,0.12907080968031073,0.7346877801015835
1505502,Paragominas - PA,53089.0,14451.0,21196.0,4317.0,0.27220328128237486,0.39925408276667484,0.08131628020870614,0.752773644257756
1505536,Parauapebas - PA,133914.0,37109.0,54864.0,7314.0,0.27711068297564106,0.4096957749003092,0.05461714234508715,0.7414236002210375
1505551,Pau D'Arco - PA,3376.0,769.0,1311.0,396.0,0.22778436018957346,0.38832938388625593,0.11729857819905214,0.7334123222748815
1505601,Peixe-Boi - PA,4083.0,899.0,1676.0,626.0,0.22018123928483957,0.4104824883663973,0.1533186382561842,0.783982365907421
1505635,Piçarra - PA,6098.0,1536.0,2385.0,571.0,0.2518858642177763,0.3911118399475238,0.09363725811741555,0.7366349622827156
1505650,Placas - PA,8813.0,2294.0,3286.0,783.0,0.26029728809712926,0.3728582775445365,0.08884602292068536,0.7220015885623511
1505700,Ponta de Pedras - PA,12142.0,3284.0,4448.0,1237.0,0.2704661505518037,0.3663317410640751,0.10187777960797233,0.738675671223851
1505809,Portel - PA,29876.0,9348.0,8317.0,1894.0,0.31289329227473556,0.27838398714687373,0.06339536751907886,0.654672646940688
1505908,Porto de Moz - PA,19479.0,5931.0,6268.0,1105.0,0.30448174957646695,0.32178243236305765,0.05672775809846502,0.6829919400379896
1506005,Prainha - PA,17110.0,4941.0,5554.0,1299.0,0.28877849210987727,0.3246054938632379,0.07592051431911163,0.6893045002922268
1506104,Primavera - PA,5369.0,1283.0,2073.0,785.0,0.23896442540510338,0.3861054200037251,0.1462097224809089,0.7712795678897374
1506112,Quatipuru - PA,5676.0,1300.0,2224.0,819.0,0.22903453136011276,0.3918252290345314,0.14429175475687103,0.7651515151515152
1506138,Redenção - PA,43371.0,11236.0,17490.0,4294.0,0.25906711858154063,0.4032648543957944,0.0990062484148394,0.7613382213921744
1506161,Rio Maria - PA,9063.0,2201.0,3685.0,1107.0,0.24285556658942956,0.4065982566479091,0.1221449851042701,0.7715988083416088
1506187,Rondon do Pará - PA,25787.0,6720.0,11136.0,2864.0,0.2605964245550083,0.43184550354829954,0.1110637142746345,0.8035056423779423
1506195,Rurópolis - PA,17398.0,4628.0,6039.0,1643.0,0.2660075870789746,0.3471088630877112,0.09443614208529716,0.707552592251983
1506203,Salinópolis - PA,22189.0,5636.0,8993.0,2558.0,0.2539997295957456,0.4052909099103159,0.11528234710892785,0.7745729866149894
1506302,Salvaterra - PA,12078.0,3052.0,4678.0,1381.0,0.2526908428547773,0.3873157807584037,0.11434012253684385,0.7543467461500248
1506351,Santa Bárbara do Pará - PA,10602.0,2538.0,4352.0,1246.0,0.23938879456706283,0.41048858705904545,0.1175249952839087,0.767402376910017
1506401,Santa Cruz do Arari - PA,3557.0,1074.0,1325.0,329.0,0.3019398369412426,0.37250491987630024,0.09249367444475681,0.7669384312622998
1506500,Santa Izabel do Pará - PA,33377.0,8527.0,13829.0,3679.0,0.2554753273212092,0.4143272313269617,0.1102256044581598,0.7800281631063306
1506559,Santa Luzia do Pará - PA,10130.0,2652.0,3839.0,1180.0,0.26179664363277394,0.37897334649555775,0.11648568608094768,0.7572556762092794
1506583,Santa Maria das Barreiras - PA,7778.0,1873.0,3098.0,755.0,0.2408074055026999,0.3983029056312677,0.09706865518128054,0.736178966315248
1506609,Santa Maria do Pará - PA,12477.0,3041.0,5262.0,1549.0,0.2437284603670754,0.42173599422938207,0.12414843311693516,0.7896128877133926
1506708,Santana do Araguaia - PA,15740.0,4058.0,6001.0,1463.0,0.25781448538754764,0.3812579415501906,0.09294790343074968,0.7320203303684879
1506807,Santarém - PA,168862.0,45218.0,63785.0,18849.0,0.26778079141547534,0.3777344814108562,0.11162369271949876,0.7571389655458304
1506906,Santarém Novo - PA,2911.0,748.0,1107.0,414.0,0.25695637238062524,0.38028169014084506,0.14221916867055995,0.7794572311920303
1507003,Santo Antônio do Tauá - PA,13701.0,3296.0,5468.0,1739.0,0.24056638201591124,0.399094956572513,0.12692504196773957,0.7665863805561638
1507102,São Caetano de Odivelas - PA,8193.0,1911.0,3241.0,1195.0,0.23324789454412304,0.39558159404369586,0.14585621872330037,0.7746857073111193
1507151,São Domingos do Araguaia - PA,10376.0,2634.0,3931.0,1245.0,0.2538550501156515,0.3788550501156515,0.11998843484965305,0.7526985350809561
1507201,São Domingos do Capim - PA,14584.0,3973.0,4936.0,1454.0,0.27242183214481624,0.33845309928688977,0.09969829950630828,0.7105732309380143
1507300,São Félix do Xingu - PA,30588.0,8091.0,12122.0,2138.0,0.26451549627304827,0.3962992023015562,0.06989669151301164,0.7307113900876161
1507409,São Francisco do Pará - PA,7348.0,1709.0,2995.0,1058.0,0.23258029395753946,0.4075939031028851,0.14398475775721284,0.7841589548176374
1507458,São Geraldo do Araguaia - PA,12013.0,3082.0,4500.0,1305.0,0.2565553983184883,0.3745941896279031,0.1086323149920919,0.7397819029384832
1507466,São João da Ponta - PA,2143.0,458.0,809.0,343.0,0.21371908539430703,0.3775081661222585,0.16005599626691555,0.7512832477834811
1507474,São João de Pirabas - PA,10031.0,2408.0,3811.0,1427.0,0.24005582693649685,0.37992224105273653,0.14225899710896223,0.7622370650981956
1507508,São João do Araguaia - PA,6374.0,1485.0,2353.0,774.0,0.23297772199560715,0.3691559460307499,0.12143081267649827,0.7235644807028553
1507607,São Miguel do Guamá - PA,26713.0,7148.0,10011.0,2910.0,0.26758507093924305,0.37476135215063827,0.10893572417923857,0.7512821472691199
1507706,São Sebastião da Boa Vista - PA,12314.0,3595.0,4072.0,1026.0,0.29194412863407504,0.33068052623030697,0.08331979860321585,0.7059444534675978
1507755,Sapucaia - PA,2879.0,827.0,1057.0,236.0,0.2872525182354984,0.36714136853073986,0.08197290725946509,0.7363667940257033
1507805,Senador José Porfírio - PA,10381.0,2775.0,3691.0,684.0,0.2673152875445525,0.35555341489259223,0.06588960601098161,0.6887583084481264
1507904,Soure - PA,12264.0,3070.0,4752.0,1598.0,0.25032615786040446,0.38747553816046965,0.1303000652315721,0.7681017612524462
1507953,Tailândia - PA,35923.0,10639.0,13070.0,2208.0,0.2961612337499652,0.3638337555326671,0.06146479971049189,0.7214597889931242
1507961,Terra Alta - PA,5103.0,1209.0,1981.0,681.0,0.23691945914168136,0.38820301783264743,0.13345091122868902,0.7585733882030178
1507979,Terra Santa - PA,9263.0,2365.0,3365.0,915.0,0.2553168519917953,0.36327323761200475,0.09878009284249163,0.7173701824462918
1508001,Tomé-Açu - PA,33173.0,9118.0,11903.0,2726.0,0.2748620866367226,0.3588159045006481,0.08217526301510264,0.7158532541524734
1508035,Tracuateua - PA,13891.0,3447.0,5224.0,1675.0,0.2481462817651717,0.3760708372327406,0.12058167158591894,0.7447987905838312
1508050,Trairão - PA,7222.0,1971.0,2594.0,635.0,0.2729160897258377,0.3591802824702299,0.08792578233176405,0.7200221545278316
1508084,Tucumã - PA,19793.0,5210.0,7792.0,1733.0,0.26322437225281664,0.39367453139998987,0.08755620673975648,0.7444551103925631
1508100,Tucuruí - PA,46135.0,12035.0,18032.0,4976.0,0.26086485314836894,0.3908529316137423,0.10785737509483038,0.7595751598569416
1508126,Ulianópolis - PA,18972.0,5377.0,7609.0,1416.0,0.28341766814252584,0.4010647269660552,0.07463630613535736,0.7591187012439383
1508159,Uruará - PA,20746.0,5525.0,7780.0,1758.0,0.26631639834184906,0.3750120505157621,0.08473922683890871,0.7260676756965199
1508209,Vigia - PA,25137.0,6030.0,10239.0,3319.0,0.23988542785535266,0.407327843418069,0.132036440307117,0.7792497115805387
1508308,Viseu - PA,28220.0,7610.0,9314.0,2828.0,0.26966690290574064,0.330049610205528,0.10021261516654854,0.6999291282778172
1508357,Vitória do Xingu - PA,7576.0,1916.0,2814.0,666.0,0.2529039070749736,0.37143611404435056,0.08790918690601901,0.7122492080253432
1508407,Xinguara - PA,26303.0,6913.0,10430.0,2484.0,0.26282173136144166,0.39653271489944114,0.09443789681785347,0.7537923430787363
