municipality_code,municipality_name,race_population_total,diagnostic__race_ignored_count,diagnostic__race_ignored_share,socio__race_share_branca,socio__race_share_preta,socio__race_share_parda,socio__race_share_amarela,socio__race_share_indigena,diagnostic__race_share_sum,diagnostic__race_share_residual
1500107,Abaetetuba,158188.0,292,0.0018459048726831365,0.18727084228892205,0.10048170531266594,0.7092004450400788,0.0006764103471818343,0.0005246921384681519,0.9981540951273168,0.0018459048726832128
1500131,Abel Figueiredo,6136.0,0,0.0,0.2001303780964798,0.10430247718383312,0.6939374185136897,0.0,0.0016297262059973925,1.0,0.0
1500206,Acará,59023.0,0,0.0,0.09630144181081951,0.1440624841163614,0.758145129864629,0.0011012656083221794,0.0003896785998678481,0.9999999999999999,1.1102230246251565e-16
1500305,Afuá,37765.0,2,5.2959089103667416e-05,0.1448431086985304,0.06797299086455713,0.7861776777439428,0.000635509069244009,0.0003177545346220045,0.9999470409108964,5.295908910363245e-05
1500347,Água Azul do Norte,18080.0,2,0.00011061946902654867,0.24618362831858406,0.10116150442477877,0.6420907079646018,0.0007190265486725664,0.009734513274336283,0.9998893805309735,0.0001106194690264628
1500404,Alenquer,69377.0,1,1.4413998875708088e-05,0.15035242227251105,0.07790766392320221,0.7706156218919815,0.0005909739539040316,0.0005189039595254912,0.9999855860011243,1.4413998875695277e-05
1500503,Almeirim,34280.0,0,0.0,0.1488331388564761,0.07535005834305718,0.7438156359393232,0.0003500583430571762,0.03165110851808635,1.0,0.0
1500602,Altamira,126279.0,1,7.918973067572597e-06,0.23058465778157888,0.10246359252132184,0.6172681126711488,0.0026053421392313843,0.04707037591365152,0.9999920810269324,7.918973067622126e-06
1500701,Anajás,28011.0,0,0.0,0.13923101638641963,0.05747741958516297,0.8028274606404626,0.00028560208489521974,0.00017850130305951234,1.0,0.0
1500800,Ananindeua,478778.0,15,3.132976034821984e-05,0.2341502742398356,0.11190154936108175,0.6508736825835774,0.0019821295046973755,0.001061034550459712,0.9999686702396517,3.132976034825319e-05
1500859,Anapu,31850.0,0,0.0,0.19409733124018838,0.10979591836734694,0.6598116169544741,0.006750392464678179,0.029544740973312403,0.9999999999999999,1.1102230246251565e-16
1500909,Augusto Corrêa,44573.0,0,0.0,0.1126691046149014,0.03208220223004958,0.8548897314517757,0.00017948085163664102,0.00017948085163664102,1.0,0.0
1500958,Aurora do Pará,23774.0,0,0.0,0.1263985866913435,0.11007823672919996,0.7607049718179524,0.0007571296374190292,0.002061075124085135,1.0,0.0
1501006,Aveiro,18290.0,0,0.0,0.09404045926735921,0.054893384363039914,0.6878622197922362,0.0009841443411700383,0.16221979223619465,0.9999999999999999,1.1102230246251565e-16
1501105,Bagre,31892.0,0,0.0,0.0998683055311677,0.09325222626363978,0.8066599774238054,0.0001881349554747272,3.135582591245454e-05,1.0,0.0
1501204,Baião,51641.0,0,0.0,0.11531535020623149,0.22875234794058985,0.6547123409693848,0.00023237350167502565,0.000987587382118859,1.0,0.0
1501253,Bannach,4031.0,0,0.0,0.1801041925080625,0.10270404366162243,0.6616224261969734,0.0019846192011907715,0.05358471843215083,0.9999999999999999,1.1102230246251565e-16
1501303,Barcarena,126650.0,2,1.5791551519936835e-05,0.17760757994472956,0.08284247927358863,0.7354441373864983,0.0018476115278326095,0.0022424003158310305,0.9999842084484801,1.579155151987255e-05
1501402,Belém,1303403.0,62,4.756778985471109e-05,0.2627552644884199,0.11461919298942844,0.6184602920201964,0.0025302995313038253,0.0015873831807967297,0.9999524322101453,4.7567789854707776e-05
1501451,Belterra,18099.0,0,0.0,0.13227250124316262,0.05177081606718603,0.774186419139179,0.002873086910879054,0.03889717663959335,1.0,0.0
1501501,Benevides,63567.0,0,0.0,0.18940645303380685,0.09844730756524611,0.7092044614343921,0.0018720405241713467,0.0010697374423836268,1.0,0.0
1501576,Bom Jesus do Tocantins,18005.0,0,0.0,0.22010552624271035,0.07297972785337406,0.6460983060261039,0.0009997222993612886,0.05981671757845043,1.0,0.0
1501600,Bonito,12622.0,0,0.0,0.16439549992077326,0.05387418792584377,0.7808588179369355,0.0007130407225479321,0.00015845349389954048,1.0,0.0
1501709,Bragança,123082.0,2,1.624932971514925e-05,0.13349636827480865,0.04397881087405144,0.821281747127931,0.0004631058968817536,0.0007637184966120148,0.9999837506702849,1.6249329715112282e-05
1501725,Brasil Novo,24718.0,1,4.0456347600938586e-05,0.24257626021522777,0.11530059066267498,0.6253337648677078,0.0008495832996197103,0.015899344607168863,0.9999595436523991,4.045634760085903e-05
1501758,Brejo Grande do Araguaia,6783.0,0,0.0,0.16806722689075632,0.11528822055137844,0.7038183694530443,0.0007371369600471767,0.012089046144773699,1.0,0.0
1501782,Breu Branco,45712.0,0,0.0,0.17034914245712285,0.11493699684984249,0.7115418270913546,0.0010719285964298215,0.0021001050052502626,1.0,0.0
1501808,Breves,106968.0,0,0.0,0.14856779597636677,0.07073143369979808,0.7786253832921995,0.0011031336474459652,0.0009722533841896642,1.0,0.0
1501907,Bujaru,24383.0,0,0.0,0.1044170118525202,0.12549727268998892,0.7682401673296969,0.0007792314317352254,0.0010663166960587294,1.0,0.0
1501956,Cachoeira do Piriá,19630.0,0,0.0,0.13815588385124808,0.12582781456953643,0.7341823739174732,0.00025471217524197657,0.0015792154865002547,1.0,0.0
1502004,Cachoeira do Arari,23981.0,0,0.0,0.08857011801009132,0.14628247362495309,0.7638964179975815,0.0005837955047746132,0.0006671948625995579,1.0,0.0
1502103,Cametá,134184.0,1,7.452453347642044e-06,0.17260627198473738,0.07873516961783819,0.7473096643415013,0.0004098849341203124,0.0009315566684552555,0.9999925475466523,7.452453347656096e-06
1502152,Canaã dos Carajás,77079.0,0,0.0,0.21658298628679667,0.09749737282528315,0.6817161613409619,0.0026466352703070875,0.001556844276651228,1.0,0.0
1502202,Capanema,70394.0,0,0.0,0.23423871352672102,0.05392505043043441,0.708270591243572,0.0021166576696877576,0.0014489871295849078,0.9999999999999999,1.1102230246251565e-16
1502301,Capitão Poço,56506.0,1,1.7697235691784943e-05,0.14605528616430113,0.05413584398117014,0.797809082221357,0.0007609811347467526,0.0012211092627331611,0.9999823027643082,1.769723569178261e-05
1502400,Castanhal,192256.0,4,2.0805592543275634e-05,0.2230411534620506,0.08545376997336884,0.6869954643808256,0.003739805259653795,0.0007490013315579227,0.9999791944074569,2.0805592543138296e-05
1502509,Chaves,20757.0,0,0.0,0.12622247916365564,0.12969118851471792,0.7410030351206822,0.0019270607505901623,0.0011562364503540975,1.0,0.0
1502608,Colares,12868.0,0,0.0,0.16824681380167858,0.06481193658688218,0.7658532794529065,0.00015542430836182778,0.0009325458501709667,1.0,0.0
1502707,Conceição do Araguaia,44617.0,4,8.965192639576843e-05,0.21518703633144318,0.13429858574086112,0.644955958491158,0.003182643387049779,0.0022861241230920947,0.9999103480736042,8.96519263957618e-05
1502756,Concórdia do Pará,26881.0,0,0.0,0.13611844797440573,0.17090138015698822,0.6898180871247349,0.0019344518433094006,0.001227632900561735,1.0,0.0
1502764,Cumaru do Norte,14036.0,557,0.03968367056141351,0.16194072385294955,0.10701054431461955,0.5162439441436306,0.0008549444286121402,0.1742661726987746,0.9603163294385864,0.03968367056141364
1502772,Curionópolis,19950.0,0,0.0,0.20145363408521302,0.10987468671679199,0.6863659147869674,0.0007518796992481203,0.0015538847117794487,1.0,0.0
1502806,Curralinho,33903.0,0,0.0,0.1452673804678052,0.06244285166504439,0.7915228740819397,0.0003834468926053742,0.0003834468926053742,1.0,0.0
1502855,Curuá,14117.0,0,0.0,0.12332648579726571,0.05759013954806262,0.8183041722745625,7.083658000991713e-05,0.0007083658000991712,0.9999999999999999,1.1102230246251565e-16
1502905,Curuçá,41262.0,0,0.0,0.17425233871358636,0.052324172361979546,0.7720663079831321,0.0007997673404100625,0.0005574136008918618,1.0,0.0
1502939,Dom Eliseu,58484.0,0,0.0,0.22529238766158266,0.10507147253949799,0.6674304083168046,0.0014020928801039602,0.0008036386020108064,1.0,0.0
1502954,Eldorado do Carajás,28192.0,0,0.0,0.19601305334846766,0.12092082860385925,0.6809733257661748,0.0007803632236095346,0.0013124290578887627,0.9999999999999999,1.1102230246251565e-16
1503002,Faro,8728.0,0,0.0,0.1293538038496792,0.023029330889092575,0.8379926672777268,0.00011457378551787351,0.0095096241979835,0.9999999999999999,1.1102230246251565e-16
1503044,Floresta do Araguaia,17898.0,0,0.0,0.21320817968488098,0.10593362386858866,0.6779528438931725,0.0012850597832160019,0.0016202927701419153,1.0,0.0
1503077,Garrafão do Norte,24703.0,0,0.0,0.13455855564101527,0.061652430878840626,0.8022912196899162,0.0011739464842326843,0.00032384730599522324,1.0,0.0
1503093,Goianésia do Pará,26362.0,1,3.793338896897049e-05,0.19327061679690463,0.1084894924512556,0.6933844169638116,0.0005690008345345573,0.004248539564524694,0.999962066611031,3.793338896895815e-05
1503101,Gurupá,31786.0,0,0.0,0.16019631284213176,0.06266909960359907,0.7752784244636003,0.0002516831309381489,0.001604479959730699,1.0,0.0
1503200,Igarapé-Açu,35797.0,2,5.587060368187278e-05,0.19004385842389027,0.058887616280693916,0.7473810654524122,0.002933206693298321,0.0006983825460234098,0.9999441293963182,5.587060368184016e-05
1503309,Igarapé-Miri,64831.0,0,0.0,0.177492249078373,0.17062824883157748,0.6511545402662307,0.00037019327173728615,0.00035476855208156594,1.0,0.0
1503408,Inhangapi,10325.0,0,0.0,0.09975786924939467,0.15196125907990315,0.746634382566586,0.0009685230024213075,0.0006779661016949153,1.0000000000000002,-2.220446049250313e-16
1503457,Ipixuna do Pará,30329.0,0,0.0,0.15654983678987108,0.10062976029542682,0.7408091265785222,0.0008572653236176596,0.0011540110125622342,0.9999999999999999,1.1102230246251565e-16
1503507,Irituia,30955.0,1,3.2304958811177516e-05,0.13645614601841383,0.09765789048618963,0.7643676304312712,0.0010983685995800355,0.0003876595057341302,0.9999676950411889,3.230495881112461e-05
1503606,Itaituba,123314.0,3,2.4328137924323273e-05,0.19348979029145108,0.10606257197074136,0.6828259565012894,0.0010947662065945473,0.016502586891999287,0.9999756718620756,2.432813792441202e-05
1503705,Itupiranga,49754.0,0,0.0,0.1831410539856092,0.1260200184909756,0.6807090887164851,0.0012461309643445754,0.008883707842585522,0.9999999999999999,1.1102230246251565e-16
1503754,Jacareacanga,24042.0,0,0.0,0.07711504866483654,0.05049496714083687,0.29702187837950256,0.0007070959154812412,0.5746610098993428,1.0,0.0
1503804,Jacundá,37707.0,3,7.956082425013923e-05,0.2073620282706129,0.1190229930782083,0.6707773092529239,0.0016442570345028774,0.0011138515395019493,0.9999204391757499,7.956082425009114e-05
1503903,Juruti,50881.0,0,0.0,0.12265875277608537,0.04988109510426289,0.8239028320984257,0.0013561054224563197,0.0022012145987696783,1.0,0.0
1504000,Limoeiro do Ajuru,29569.0,0,0.0,0.172883763400859,0.03875680611451182,0.7878521424464812,6.763840508640807e-05,0.0004396496330616524,1.0,0.0
1504059,Mãe do Rio,34353.0,1,2.9109539195994526e-05,0.19215206823275988,0.08467964952114808,0.7213052717375484,0.0014554769597997263,0.00037842400954792883,0.9999708904608041,2.9109539195881773e-05
1504109,Magalhães Barata,8115.0,0,0.0,0.16192236598890944,0.046703635243376465,0.7912507701786815,0.0,0.00012322858903265557,1.0,0.0
1504208,Marabá,266533.0,10,3.751880630165871e-05,0.1821463008332927,0.09907591180079015,0.7156712302041398,0.0009980002476241215,0.0020710381078515605,0.9999624811936983,3.751880630165072e-05
1504307,Maracanã,25971.0,1,3.850448577259251e-05,0.16476069462092333,0.0524046051364984,0.7819876015555812,0.00019252242886296254,0.0006160717723614802,0.9999614955142273,3.850448577269461e-05
1504406,Marapanim,26573.0,0,0.0,0.15677567455688105,0.052120573514469574,0.790765062281263,7.526436608587664e-05,0.00026342528130056825,1.0,0.0
1504422,Marituba,111785.0,4,3.578297624904951e-05,0.20132397012121483,0.10069329516482534,0.6960593997405734,0.0010466520552846984,0.0008408999418526636,0.9999642170237508,3.578297624917681e-05
1504455,Medicilândia,27094.0,0,0.0,0.201557540414852,0.09688491917029601,0.6983095888388573,0.002583597844541227,0.0006643537314534584,1.0,0.0
1504505,Melgaço,27881.0,1,3.586671927118826e-05,0.13736953480865105,0.11029016175890391,0.7514077687313941,0.0005021340697966357,0.0003945339119830709,0.9999641332807288,3.586671927124918e-05
1504604,Mocajuba,27198.0,0,0.0,0.18630046326935804,0.11647915287888816,0.695271711155232,0.00022060445621001543,0.0017280682403117875,1.0,0.0
1504703,Moju,84094.0,1,1.1891454800580302e-05,0.1322805432016553,0.13172164482602802,0.7323709182581397,0.0008799676552429424,0.0027350346041334697,0.9999881085451994,1.1891454800627699e-05
1504752,Mojuí dos Campos,23501.0,0,0.0,0.14892983277307348,0.05535934641079103,0.792732224160674,0.0011063359005999745,0.0018722607548614953,1.0,0.0
1504802,Monte Alegre,60012.0,0,0.0,0.1693494634406452,0.05947143904552423,0.7685462907418517,0.001682996733986536,0.0009498100379924015,1.0,0.0
1504901,Muaná,45368.0,0,0.0,0.13330982190089932,0.04736818903191677,0.8192117792276494,8.816787162757891e-05,2.2041967906894727e-05,1.0,0.0
1504950,Nova Esperança do Piriá,20478.0,0,0.0,0.1560210958101377,0.06919621056743823,0.7720480515675359,0.0011719894520949312,0.0015626526027932416,1.0,0.0
1504976,Nova Ipixuna,13955.0,4,0.00028663561447509855,0.14740236474381943,0.1601576495879613,0.6908634897886062,0.0007165890361877463,0.0005732712289501971,0.9997133643855249,0.0002866356144750615
1505007,Nova Timboteua,12806.0,1,7.808839606434484e-05,0.16671872559737622,0.0663751366546931,0.7655786350148368,0.001015149148836483,0.00023426518819303453,0.9999219116039356,7.808839606437967e-05
1505031,Novo Progresso,33638.0,0,0.0,0.2909507105059754,0.08089065937332779,0.6241155835662049,0.0019323384267792378,0.002110708127712706,1.0,0.0
1505064,Novo Repartimento,60732.0,1,1.646578410063887e-05,0.1778633998551011,0.10814726997299612,0.6933412369097016,0.002206415069485609,0.0184252124086149,0.9999835342158994,1.6465784100638814e-05
1505106,Óbidos,52229.0,1,1.9146451205269104e-05,0.15010817744930977,0.12251814126251699,0.7104482184227153,0.00028719676807903655,0.01661911964617358,0.9999808535487947,1.9146451205265258e-05
1505205,Oeiras do Pará,33844.0,0,0.0,0.08388488358350077,0.11774612929913722,0.7976598510814324,0.0002659260134735847,0.00044321002245597445,1.0,0.0
1505304,Oriximiná,68294.0,0,0.0,0.1383869739655021,0.13219316484610655,0.67319237414707,0.0005564178405130758,0.05567106920080827,1.0,0.0
1505403,Ourém,17855.0,0,0.0,0.13480817698123776,0.112853542425091,0.7492579109493139,0.0008961075329039484,0.0021842621114533745,1.0,0.0
1505437,Ourilândia do Norte,32467.0,1,3.080050512828411e-05,0.22065481873902731,0.09655958357717066,0.637139249083685,0.00040040656666769336,0.04521514152832107,0.9999691994948717,3.080050512827004e-05
1505486,Pacajá,41097.0,0,0.0,0.17003674234129013,0.10338954181570431,0.7253814147018031,0.0003893228216171497,0.0008029783195853712,1.0,0.0
1505494,Palestina do Pará,6885.0,0,0.0,0.18184458968772693,0.1270878721859114,0.6896151053013798,0.0007262164124909223,0.0007262164124909223,1.0,0.0
1505502,Paragominas,105550.0,119,0.0011274277593557556,0.2028422548555187,0.10139270487920417,0.6804737091425864,0.0015821885362387494,0.012581714827096163,0.9988725722406441,0.0011274277593559257
1505536,Parauapebas,267836.0,10,3.7336280410400394e-05,0.21172284532325752,0.09981481204916441,0.6797779238041189,0.0013105034424050538,0.007336579100643678,0.9999626637195895,3.7336280410471545e-05
1505551,Pau D'Arco,6931.0,0,0.0,0.17962775934208627,0.08772182946183812,0.6654162458519695,0.0008656759486365604,0.06636848939546963,1.0,0.0
1505601,Peixe-Boi,8285.0,0,0.0,0.19263729631864815,0.055401327700663854,0.7503922751961376,0.0012070006035003018,0.0003621001810500905,1.0,0.0
1505635,Piçarra,12832.0,10,0.0007793017456359103,0.1673940149625935,0.13092269326683292,0.69856608478803,0.0019482543640897756,0.00038965087281795513,0.9992206982543641,0.0007793017456358964
1505650,Placas,18668.0,0,0.0,0.22819798585815299,0.12433040497107349,0.6440432826226699,0.002303406899507178,0.0011249196485965287,1.0,0.0
1505700,Ponta de Pedras,24984.0,0,0.0,0.16302433557476786,0.0872158181235991,0.7484390009606148,0.0004402817803394172,0.0008805635606788344,0.9999999999999999,1.1102230246251565e-16
1505809,Portel,62503.0,1,1.5999232036862232e-05,0.13568948690462856,0.06719677455482137,0.7964577700270387,0.00022398924851607123,0.000415980032958418,0.999984000767963,1.5999232036989497e-05
1505908,Porto de Moz,40597.0,0,0.0,0.11454048328694239,0.05515185851171269,0.827745892553637,0.00027095598196911103,0.0022908096657388477,1.0,0.0
1506005,Prainha,35577.0,0,0.0,0.1026786969109256,0.08362144081850634,0.8123225679512044,0.0007308092306827445,0.0006464850886808894,0.9999999999999999,1.1102230246251565e-16
1506104,Primavera,10851.0,1,9.21574048474795e-05,0.15030872730623906,0.04875126716431665,0.7998341166712746,0.000737259238779836,0.0002764722145424385,0.9999078425951526,9.215740484735946e-05
1506112,Quatipuru,11524.0,0,0.0,0.19333564734467198,0.05440819160013884,0.7508677542519958,0.0003471017007983339,0.0010413051023950017,1.0,0.0
1506138,Redenção,85597.0,4,4.673060971763029e-05,0.24643387034592334,0.12255102398448543,0.6262602661308223,0.0012149958526583877,0.003493113076392864,0.9999532693902824,4.6730609717604565e-05
1506161,Rio Maria,18384.0,0,0.0,0.23732593559617057,0.11314186248912098,0.6434399477806788,0.004134029590948651,0.0019582245430809398,1.0,0.0
1506187,Rondon do Pará,53143.0,2,3.7634307434657436e-05,0.2115236249364921,0.07592721524942138,0.7102534670605725,0.0002258058446079446,0.0020322526014715015,0.9999623656925655,3.763430743453089e-05
1506195,Rurópolis,35769.0,0,0.0,0.2037238949928709,0.10067376778774917,0.6925550057312198,0.0011182867846459225,0.0019290447035142163,0.9999999999999999,1.1102230246251565e-16
1506203,Salinópolis,44772.0,0,0.0,0.16501384794067722,0.04893683552220138,0.7836594300008934,0.0008040739748056821,0.0015858125614223175,1.0,0.0
1506302,Salvaterra,24129.0,0,0.0,0.10767126694019645,0.21285589953997264,0.6781880724439471,0.00041443905673670687,0.0008703220191470844,0.9999999999999999,1.1102230246251565e-16
1506351,Santa Bárbara do Pará,21087.0,0,0.0,0.16166358419879548,0.0984492815478731,0.7379428083653435,0.000806183904775454,0.0011381419832124057,1.0,0.0
1506401,Santa Cruz do Arari,7445.0,0,0.0,0.13122901276024176,0.2612491605104097,0.6056413700470115,0.001343183344526528,0.0005372733378106112,1.0,0.0
1506500,Santa Izabel do Pará,73019.0,1,1.3695065667839878e-05,0.15865733576192498,0.09909749517248935,0.7372327750311563,0.003820923321327326,0.0011777756474342295,0.9999863049343322,1.369506566784029e-05
1506559,Santa Luzia do Pará,20370.0,0,0.0,0.1653902798232695,0.07594501718213058,0.7213549337260677,0.00117820324005891,0.03613156602847324,0.9999999999999999,1.1102230246251565e-16
1506583,Santa Maria das Barreiras,16548.0,0,0.0,0.21646120377084843,0.10236886632825719,0.6735557167029248,0.0015711868503746676,0.006043026347594876,1.0,0.0
1506609,Santa Maria do Pará,24624.0,0,0.0,0.19765269655620532,0.05908869395711501,0.7248213125406108,0.0023960363872644573,0.016041260558804418,1.0,0.0
1506708,Santana do Araguaia,32413.0,1,3.085181871471323e-05,0.21506802826026594,0.13303304229784346,0.6448030111375066,0.0025915527720359113,0.004473513713633419,0.9999691481812855,3.0851818714539014e-05
1506807,Santarém,331942.0,22,6.627663868989161e-05,0.1690777304468853,0.07226563676786908,0.725479149971983,0.0011718914750167197,0.031939314699555944,0.99993372336131,6.627663868996603e-05
1506906,Santarém Novo,6116.0,0,0.0,0.14159581425768475,0.06262262916939176,0.7936559843034663,0.0014715500327011119,0.0006540222367560497,1.0,0.0
1507003,Santo Antônio do Tauá,27461.0,0,0.0,0.18604566476093368,0.07046356651250865,0.7402498088197808,0.001820763992571283,0.0014201959142056007,1.0,0.0
1507102,São Caetano de Odivelas,16666.0,0,0.0,0.17274690987639504,0.05700228009120365,0.7691707668306732,0.0007200288011520461,0.00036001440057602306,0.9999999999999999,1.1102230246251565e-16
1507151,São Domingos do Araguaia,21092.0,1,4.741134079271762e-05,0.1853783424995259,0.10449459510714963,0.7059074530627726,0.0014697515645742461,0.002702446425184904,0.9999525886592073,4.7411340792669066e-05
1507201,São Domingos do Capim,30599.0,0,0.0,0.11647439458805843,0.10183339324814536,0.7809732344194255,0.0004902120984345893,0.0002287656459361417,0.9999999999999999,1.1102230246251565e-16
1507300,São Félix do Xingu,65418.0,0,0.0,0.18394019994496927,0.09404139533461739,0.6836344736922559,0.0011006145097679537,0.03728331651838943,1.0,0.0
1507409,São Francisco do Pará,14894.0,0,0.0,0.17020276621458305,0.05498858600778837,0.7717872968980798,0.0014099637437894454,0.0016113871357593661,1.0,0.0
1507458,São Geraldo do Araguaia,24255.0,1,4.1228612657184085e-05,0.1865182436611008,0.12376829519686662,0.6695938981653268,0.000989486703772418,0.019088847660276232,0.9999587713873428,4.122861265720701e-05
1507466,São João da Ponta,4430.0,0,0.0,0.09683972911963883,0.028216704288939052,0.8742663656884876,0.0004514672686230248,0.0002257336343115124,1.0,0.0
1507474,São João de Pirabas,20689.0,0,0.0,0.17047706510706173,0.04780318043404708,0.7810914012277056,0.00043501377543622217,0.00019333945574943206,1.0,0.0
1507508,São João do Araguaia,13664.0,0,0.0,0.14739461358313818,0.13546545667447307,0.7143588992974239,0.0009514051522248243,0.001829625292740047,1.0,0.0
1507607,São Miguel do Guamá,52894.0,1,1.8905736000302492e-05,0.10870798200173933,0.10659053956970545,0.7832079252845313,0.0008507581200136122,0.0006238892880099823,0.9999810942639996,1.8905736000385254e-05
1507706,São Sebastião da Boa Vista,25643.0,0,0.0,0.19615489607300238,0.06114729165854229,0.7406309714152011,0.001169909916936396,0.0008969309363179035,1.0,0.0
1507755,Sapucaia,5847.0,0,0.0,0.1879596374208996,0.07473918248674534,0.7350778176842825,0.0013682230203523175,0.0008551393877201984,1.0,0.0
1507805,Senador José Porfírio,22576.0,0,0.0,0.14568568391211906,0.11800141743444366,0.698219347980156,0.0017274982282069454,0.03636605244507442,1.0,0.0
1507904,Soure,24204.0,0,0.0,0.11361758387043464,0.1841844323252355,0.7006279953726656,0.0004957858205255329,0.0010742026111386547,1.0,0.0
1507953,Tailândia,72493.0,2,2.758887064957996e-05,0.18574207164829706,0.1195011932186556,0.6914184817844482,0.002138137475342447,0.0011725270026071483,0.9999724111293504,2.758887064957527e-05
1507961,Terra Alta,10400.0,0,0.0,0.17278846153846153,0.06394230769230769,0.76125,0.001826923076923077,0.0001923076923076923,1.0,0.0
1507979,Terra Santa,18782.0,1,5.324246619103397e-05,0.15839633691832605,0.033915450963688636,0.8059312107336812,0.0003194547971462038,0.0013843041209668833,0.9999467575338091,5.3242466190872584e-05
1508001,Tomé-Açu,67585.0,0,0.0,0.1603610268550714,0.11545461270992084,0.708929496189983,0.007427683657616335,0.007827180587408448,1.0,0.0
1508035,Tracuateua,28595.0,0,0.0,0.08984088127294981,0.03518097569505158,0.8740339220143382,0.0002797691904179052,0.000664451827242525,1.0,0.0
1508050,Trairão,15242.0,0,0.0,0.20325416611993177,0.08201023487731268,0.6917071250492062,0.00045925731531295107,0.022569216638236453,1.0,0.0
1508084,Tucumã,39550.0,2,5.056890012642225e-05,0.27264222503160557,0.08283185840707964,0.6419216182048041,0.0015676359039190897,0.0009860935524652339,0.9999494310998737,5.0568900126335414e-05
1508100,Tucuruí,91306.0,2,2.190436554005213e-05,0.22673208770507963,0.11263224760694807,0.650833461108799,0.0009637920837622939,0.008816507129870983,0.99997809563446,2.1904365539948678e-05
1508126,Ulianópolis,37972.0,1,2.633519435373433e-05,0.23332982197408617,0.09046139260507742,0.673970293900769,0.0012904245233329823,0.0009217318023807016,0.9999736648056463,2.633519435368825e-05
1508159,Uruará,43558.0,0,0.0,0.21816887827723955,0.10122136002571284,0.6780614353276092,0.0002525368474218284,0.0022957895220166217,1.0000000000000002,-2.220446049250313e-16
1508209,Vigia,50832.0,3,5.901794145420208e-05,0.21490399748190117,0.07145105445388732,0.7126219704123387,0.00047214353163361664,0.0004918161787850173,0.9999409820585458,5.901794145424244e-05
1508308,Viseu,58692.0,0,0.0,0.11555237511074763,0.05767395897226198,0.8252402371703128,0.0004089143324473523,0.0011245144142302188,1.0,0.0
1508357,Vitória do Xingu,15607.0,3,0.0001922214390978407,0.17492150957903504,0.10674697251233421,0.6834753636188889,0.0015377715127827256,0.03312616133786122,0.999807778560902,0.00019222143909802814
1508407,Xinguara,52893.0,0,0.0,0.2338494696840792,0.09326375890949654,0.6705235097271851,0.0013045204469400488,0.0010587412322991701,1.0,0.0
