municipality_code,municipality_name,criterion__rural_female_share,socio__female_literacy_rate_15plus,socio__household_per_capita_income_mean_brl,profile__female_age_ilr_1,profile__female_age_ilr_2,profile__female_age_ilr_3,profile__female_race_ilr_1,profile__female_race_ilr_2,profile__female_race_ilr_3,profile__female_race_ilr_4
1500107,Abaetetuba,-0.07126428127420092,0.3302225058572772,0.031036156732515693,-1.3430585468931804,-0.4009741425391941,-0.2582554036207524,-0.04736070650590409,0.5607715436274666,1.0615710187599026,0.601409547658589
1500131,Abel Figueiredo,-1.358974353880314,-0.47889476763435623,0.7174903030443325,0.9495628996895057,-0.6724207117307629,-0.9251272405040212,0.14617732266062636,0.6347380545930243,1.5270356029323648,0.3577820054121838
1500206,Acará,2.0467925207554205,-1.0474636625203708,-1.1712869019291245,0.34345485704772216,0.3657045713928354,-0.03604385031911035,-2.2563535753408432,-0.1314197265177917,0.2504172343616503,0.5267172029934896
1500305,Afuá,1.5375371804690507,-2.427883335200355,-1.3034520381519303,1.5939967694083084,1.966106110189637,1.1513697852510927,0.2790961913185715,-0.9054842045005249,-0.4887856773306199,0.3820482267644515
1500347,Água Azul do Norte,0.48466243710197127,0.12247617887969701,0.77851045827716,0.6031630507470913,-0.2096786519959882,0.593092050730517,0.771421717530967,1.055140939418767,0.4484710978145325,-0.29585838729673414
1500404,Alenquer,0.4821270254573959,0.5461693457418694,-0.9137818468465921,1.0356585421943698,0.9236520604735847,0.3135600658235928,0.07011227014229672,-0.5113148268468275,-0.007677767792758985,0.43092652589836095
1500503,Almeirim,-0.29020230250334034,-0.18914331158667783,0.03872017628035293,0.9541413074678454,0.8516354540775039,0.6241811772568672,0.2732471735639612,-0.5440562270429268,0.1127691497170311,-1.6310013711625313
1500602,Altamira,-1.137430715082629,0.49696626829980983,2.173205206324662,-0.4752295732020551,-0.4852507971046705,0.31371619011548507,0.3836585940567099,1.2522225776318716,-0.21402994906308387,-1.7818642856917615
1500701,Anajás,0.8987212109122761,-2.5727590632241943,-1.0857682843731913,1.5190573581563473,2.4292444299021043,1.8849126727200103,0.4762902627659845,-1.137855544402118,-0.410436764645074,0.36777053628077605
1500800,Ananindeua,-1.9508048701306315,2.1288683367947643,2.0584873144869467,-2.221884592863882,-2.164334323804235,-1.2414649262173552,0.1898140604527368,1.3369231365033476,1.0569875024192152,0.6983210490802594
1500859,Anapu,0.550493944931875,-0.6237704956581984,0.0024696840605547003,0.8262096452272358,0.8904601011221732,1.413566265860486,-0.23991749449364927,0.8107125915486479,-2.5283089911290886,-1.1923909551466252
1500909,Augusto Corrêa,0.5041100044391412,-1.0064610979853201,-1.2860499938818275,0.8932337277406913,0.8061740372148063,0.06236450168894031,1.156749989162415,-2.6263326368794013,-1.7548729727293912,0.12504024420864704
1500958,Aurora do Pará,0.9397190090378337,-1.219674433567576,-0.8594513086318816,0.5837121785743091,0.37178824660327475,0.11472608094587393,-1.1014609304165204,-0.1774489944184001,0.33328335903667666,0.33085145554468465
1501006,Aveiro,1.9653089951679121,0.7867177243474912,-1.2954064176841944,1.9812227046075468,1.2965828298296516,-0.041931738570612886,-0.09200097982799114,-1.2827014054828476,-2.0422412392789875,-3.9339958503553416
1501105,Bagre,1.1195534876083821,-1.5203599068246025,-1.834282188562543,2.4721691362138425,3.3655604511746144,2.6062382876496217,-1.1112267147771655,-1.017580921516831,0.08805394253421323,0.4478126606770363
1501204,Baião,0.46515624985454157,0.8987914007432918,-1.37324101569229,-2.2042814687219647,-0.05696832702002338,0.3827627498098214,-2.9678277744839865,1.4480054752424965,2.109244142835909,0.6576307516461839
1501253,Bannach,1.024297341282819,0.013136006786229759,1.043066731297708,0.4403573585823679,-0.5260812925438804,-0.09879978534847629,-0.054739995401366315,0.5129890321618542,-1.093403710612778,-1.908429460978181
1501303,Barcarena,-1.078546455705794,1.3088170460937827,0.954067704887754,-0.73386930921142,-0.5419420917098087,0.45416979424086534,0.2595049524691581,-0.08129681973265274,-0.22588910581784308,0.3209165793647325
1501402,Belém,-1.9411131782152478,2.087865772259714,4.086345273276263,-2.5585496937029735,-2.525268951463527,-2.35544920245537,0.401726139515374,1.7487826539637168,1.0011441579148816,0.6833151398483915
1501451,Belterra,0.6710956061352067,0.8796568706269347,-0.10537779029909472,0.08077704381304694,0.05680704805375802,-0.862784678782977,0.4903914235305239,-1.3700705345735313,-2.3926708006311315,-1.862849186949443
1501501,Benevides,-1.7159164619938856,1.4700937999316426,0.24645990476189059,-1.0681884100764283,-1.1254555257190926,-0.40984852229670227,0.05694932764332027,0.4473409131621543,0.23888566286760607,0.5942073768715926
1501576,Bom Jesus do Tocantins,0.18007575418189897,-0.2930164750754664,0.8295413880977986,-0.5730184423209288,-0.5624872889847051,-0.7155807728299408,0.8522906455147395,0.5255851694115986,-0.5544488633660172,-2.2750934364147857
1501600,Bonito,0.30123886220775525,-1.3399486228703854,-0.11396581214667775,-1.3244164208216034,-0.5004847492459569,-0.3138062626750559,0.9605602022867108,-1.0511173094729354,-0.604148626993964,0.3920254171209002
1501709,Bragança,-0.5457579140701615,0.34389002736896174,0.2079946069077156,-0.4652553446095122,-0.3903030463928183,-0.47092789497021276,0.9249229769898831,-1.7684406245964683,-0.8434357455878184,0.21522083481602242
1501725,Brasil Novo,0.2581734574066003,0.256417889694191,-0.0050787351423208235,0.21775134401701712,-0.1936175722200099,0.005369195782533119,0.36275880047781567,1.3624205184257043,1.172278579910201,-0.6873564546736313
1501758,Brejo Grande do Araguaia,0.21615415895865672,-0.5745674182161359,0.00784849774404123,1.0098836782678433,-0.3053945652589287,-0.8606983885575761,-0.626655663397185,0.5013027679824232,0.6765936305324249,-0.5000077264682885
1501782,Breu Branco,-0.10495419316739144,-0.7194431462399781,-0.17692957232395815,0.310836688474356,0.25888942377682905,0.11047235468880152,-0.4717563902038912,0.5656044555626665,0.8029133567893225,0.4079059457046221
1501808,Breves,0.4270765025444428,-2.124464357640992,-0.7158957434322812,1.08524174819989,1.92677307916756,0.8920505044359472,0.22938425439791768,-0.6415259504055036,-0.5535925024188386,0.36876069569932585
1501907,Bujaru,1.3434580934189944,0.048671562716607754,-1.0774514632155316,0.12574024206501044,0.508276044181767,-0.14207410578869226,-1.878028973146646,-0.3022788254618382,0.5157211602295566,0.4066226954959558
1501956,Cachoeira do Piriá,1.291952544752591,-1.4984918724059122,-0.905058224654047,0.20553372335305323,0.9045692590016761,0.8095061257889299,-1.3144837871502235,0.2014843036395261,0.9212086870763933,0.36380274804317797
1502004,Cachoeira do Arari,0.7436707710882533,1.106537727720875,-1.247177894992767,-0.08084797218559932,0.37521868509268436,-0.11837701710090508,-2.413353645911044,-0.21521169913124794,0.4598727199420478,0.5054736481181458
1502103,Cametá,0.5187500791991511,0.5571033629512177,-0.7528694374918763,-0.5957705490510633,0.5697372674536402,-0.11061860046793268,0.3134791389457086,-0.10387094744891821,0.5827144326833341,0.4157997958280423
1502152,Canaã dos Carajás,-1.4554218589372638,1.5384314074900562,2.7117193762831127,-0.4207612954307446,0.017410418608521407,2.3499714287662963,0.33252980479553335,0.7893264399174762,-0.1530277309726715,0.5755380297936354
1502202,Capanema,-1.2403015546862348,0.6391084920213158,0.9130712005942916,-1.6739108706637826,-1.430410617881497,-1.0859157838975937,1.6429613378401624,-0.06929025029114892,-0.33673972862360274,0.42609233393275997
1502301,Capitão Poço,0.2643125331066197,-0.9545245162409244,-0.27067461080757627,-1.2476267522818405,-0.5375766892911419,-0.24200430765391476,0.658427513071375,-1.239972343526427,-0.6565898447382712,0.24701745924158772
1502400,Castanhal,-1.6050271770815707,1.437291748303604,1.3134538191516147,-1.9072842300903288,-1.384506487399576,-0.7045606077298884,0.6589346693504242,0.6515449862736346,-0.5407710406297476,0.7250890407406152
1502509,Chaves,2.0562107774619216,-1.6187660617087216,-0.814386793989564,1.708807871264173,1.752044922964305,0.9154346618321277,-1.3771100270116852,0.07852986405377486,-0.425616374068634,0.43778171575903935
1502608,Colares,1.1112893929952659,1.0928702062091904,-0.49084437091061583,0.5067796084618251,-0.6220863969581781,-1.2147971364075334,0.7057303492097032,-0.668951747248844,0.20395874114862997,0.3554102816066582
1502707,Conceição do Araguaia,-0.7426948222375888,0.38762609620634564,1.2128835633049175,-0.4238030757596898,-0.9602440251167267,-1.5005794375237962,-0.32764635486000976,1.4345349642300238,0.05954491773440567,0.5492968382308367
1502756,Concórdia do Pará,-0.04469470147134628,-0.41055716007594256,-0.291466663701725,0.2282412411758884,0.27311389852579715,0.20967594138009787,-2.01910364643143,0.8775474684885507,0.41173204390618573,0.5933377756913233
1502764,Cumaru do Norte,1.2914000874232572,-1.318080588451692,1.0995216749168204,1.381605674755161,0.7731772945325373,2.4539863378794644,-0.3224252636225715,1.126893998834614,-1.0158023439260513,-3.9343056963694445
1502772,Curionópolis,-1.4697730100686435,-0.22741237181938911,1.2289296041254016,0.6037118575777028,0.14744297394532374,-0.2442017531443325,-0.08640407397004667,0.8367065636960932,1.0034733818000163,0.4872398050648596
1502806,Curralinho,1.0996472549182579,-1.282545032521317,-1.3175092739129741,0.6146810653883097,2.094350782509697,1.3823314756098657,0.43646074060558315,-0.834433868038361,-0.2551740402797332,0.3641550404563174
1502855,Curuá,0.42229820992780415,1.133872770744241,-0.9420771188286292,0.6365289247329255,0.7389567579459296,0.4616493981719214,0.2647753689710875,-1.5149557208463567,-0.6395363482916995,0.2193600608803164
1502905,Curuçá,0.0747677765230221,1.3060835417914463,-0.6780632471879281,-1.2756249600597536,-0.7132247436280437,-1.2040223247337534,1.3313427611758655,-0.9222675649564684,-0.29076543807753596,0.3584802815774196
1502939,Dom Eliseu,-1.2348896783131937,0.17441276062409283,0.08071108310353611,-0.249189607981769,-0.07319362922064505,0.6794457875527389,0.23252740616410225,1.0297219590508642,0.9441199268178521,0.632969037489107
1502954,Eldorado do Carajás,-0.06236141560160756,-0.42149117728528473,0.522045005839335,0.6609038099047584,-0.0407911516702962,0.06751242017636992,-0.48162339871166676,0.9332026625417142,1.1112882945154674,0.5298402932534826
1503002,Faro,-1.104143600135578,0.9179259308596489,-0.7663390717580858,-0.5237715725501794,0.907833931812648,0.12453306015169194,1.9538575781071863,-2.6246368304580745,-1.8218734798026002,-0.8234257056838986
1503044,Floresta do Araguaia,0.08062680702355443,-0.04153407926049932,0.3046324527505196,-0.19319795751352434,-0.4902676462412105,0.10399956560000058,0.2134936021831405,0.835000911650362,0.6796155673857308,0.43560331081171205
1503077,Garrafão do Norte,0.16103805207523106,-1.632433583220403,-0.6509431781955604,-0.6731902903838375,0.11805352925862675,0.1819916331784,0.1794248448047047,-1.1231574073541526,-1.064031429015349,0.42310625866621665
1503093,Goianésia do Pará,-0.18843087812752232,-0.7057756247282936,0.2917052198641575,0.47150343348448853,-0.5400020083022143,0.13130590739474512,-0.07004881615039066,0.6345768468454527,1.0653492991231963,0.16823162685675164
1503101,Gurupá,0.9774174187498667,-1.4274207605451592,-0.5855838119239543,0.47929061816267554,2.038982741017498,1.0347824039142084,0.7441800053287038,-0.6987481134073859,-0.1744572159445139,0.19250271399099916
1503200,Igarapé-Açu,-0.46803597140880215,0.11154216167034878,-0.20884085350497789,-1.1789088369168013,-0.9337878081961367,-1.1732610418126979,1.121698098099163,-0.5826790458609338,-1.4997762469600775,0.5081854588803757
1503309,Igarapé-Miri,0.8193177650231203,-0.817849301124094,-0.6652264145315411,-0.4118624846260375,0.08881860500839099,0.0037325333702720453,-1.2726154305527977,1.5665643729547347,1.991038400559664,0.7506662178052033
1503408,Inhangapi,1.3044242728453812,0.043204554111932116,-0.6000930488348707,-0.19041614510888102,-0.06726760279541555,-0.8186028785649534,-2.387160492488757,0.10083776496487257,0.3425563719225564,0.593594090718276
1503457,Ipixuna do Pará,0.4727734645942328,-1.1267352872881296,-0.7693674794622334,0.7633159010238793,0.5924150986349844,0.7448540712275932,-0.4200528164476015,-0.003917448115311004,0.3356870487864311,0.45836303505157433
1503507,Irituia,1.6722664554908888,-0.7249101548446477,-0.6682548222356887,-0.024237345326658024,-0.4452178562802477,-0.9917247421180593,-0.752900486670036,-0.27927539801232565,0.15435424002471962,0.5114007399216
1503606,Itaituba,-1.3505274594965428,0.8933243921386191,1.4007804413070388,-0.8607160293305259,0.07195060998460749,0.402541460411131,-0.004647185682688241,0.6747976800385111,0.7300355623361817,-0.7204317636955593
1503705,Itupiranga,0.09555345608177046,-0.763179215077362,-0.5794365962856841,0.2932110223733712,0.11601726035124259,0.20759556492535208,-0.6516385275859687,0.9326314210167801,0.5499992805321846,-0.24369936284872348
1503754,Jacareacanga,0.9904861057619861,-0.35862057833154676,0.10579714692147614,2.884022678911955,2.63904979199506,2.600152987605502,-0.6128632779665564,0.8865249798920558,-4.587024021725077,-6.152601342025134
1503804,Jacundá,-1.4728114996555064,-0.6210369913558591,0.636039695837254,0.24730428285470554,-0.7056918720452776,-0.6647793152401676,-0.18346492015003688,1.0238525530753577,1.0602538700599597,0.6514856501070924
1503903,Juruti,0.10938576868270398,1.2432129428377023,-0.23239011341335075,1.1742066864822147,1.3701739969920268,0.7154596194596846,0.5767927373555768,-1.8026218946428412,-1.6627492919564029,0.04063613205075537
1504000,Limoeiro do Ajuru,1.659004977763176,0.17441276062409283,-1.3585961784364116,-0.38805937922393163,1.1499598014940282,1.0245987792951612,1.844225005620172,-1.3310007377521318,-0.5503049624914514,0.25979523100821295
1504059,Mãe do Rio,-1.006626508987459,-0.22467886751704977,0.10010193243307894,-1.3049639895995253,-0.3541167751489701,-0.3064943139964413,0.3815941936004305,0.16192126354627143,0.19819233740959563,0.593132145542213
1504109,Magalhães Barata,0.7040018853075357,0.8304537931848751,-0.6573163944087671,1.1084256386500733,-0.743630093499628,-1.865784392307532,1.1538607870016624,-1.1588171461115027,-0.17831385980262748,0.3474770608807512
1504208,Marabá,-1.486553400480395,0.909725417952637,1.6861287672217362,-0.7952586263723802,-0.5141244611453337,0.40460160460785666,-0.05191522385074788,0.4129458860685367,0.729079629030361,0.39613375837602716
1504307,Maracanã,0.9931425334676054,0.5297683199278516,-0.5861262133038017,-0.5256190011511084,-0.44098548013834976,-1.4664017372157157,0.9819255042691472,-0.9151608455609744,-0.20869344075066676,0.3164253323367322
1504406,Marapanim,0.19581391725651712,1.1475402922559226,-0.8487388813798963,-0.08782203581220331,-1.2608961267713679,-1.7617124500389114,1.1129933713488847,-1.1161543806190928,-0.2984252612960347,0.3572589850701309
1504422,Marituba,-1.9515186927677681,1.7625787602816574,0.5389950489595648,-1.6024046256452358,-1.4496215022406405,-0.11868416980587147,0.11905756297018073,0.6541614033726003,1.1334963929998045,0.5855672456156642
1504455,Medicilândia,1.067876274588423,-0.049734592167508224,-0.006163537902015578,0.7409239212335559,-0.014633915776638298,0.2973590655996523,0.18663052305434438,0.5703329345252597,-0.5293090208180113,0.5686781350995678
1504505,Melgaço,1.3783297733132216,-2.2092029910134268,-1.3000168294128969,2.3705623080068747,3.476700860105797,2.44122979460374,-0.8094125353009864,0.08821160696024957,0.743691116306866,0.49558552120149674
1504604,Mocajuba,-0.6090521699988268,0.5243013113231759,-0.31632672694472885,-1.2141328798785964,0.5962688005094191,-0.09066077710353618,-0.31694916307220494,0.8284853091018433,1.4730952307201424,0.5055777200300552
1504703,Moju,1.090931512874737,-0.09620416530723143,-0.6243655105830399,-0.03817188036671823,0.6068483789496135,0.9672236487267948,-1.3920270815305764,0.27459436500562395,0.40331764912840296,0.2970587948063167
1504752,Mojuí dos Campos,1.2807636309322026,-0.19734382449368673,-0.26461779539928115,-0.02949426790907473,-0.39907391224108224,-0.5583785232982067,0.6512454913989191,-1.1024778155770831,-0.9633068972991263,0.19997869900568446
1504802,Monte Alegre,0.3057845614143385,0.42589515643905995,-0.35009121284022693,-0.3921201565648184,-0.0593355286576,-0.7175688871648505,0.8408457777721952,-0.7545315779353147,-0.8375881796681379,0.3738660645673843
1504901,Muaná,0.9891698128625134,0.4723647295787801,-1.1716033027340353,-0.05254637763539547,0.6604113371216782,0.6512878394404927,0.8837316898381012,-1.5575316201945415,-0.5802630096211373,0.3412549587371795
1504950,Nova Esperança do Piriá,-0.11327980338248408,-1.9221850392680846,-1.0358221573122472,0.7047996558804983,0.839618962609859,1.3880159094478457,0.4654535547822801,-0.8058970862467424,-0.446645832335884,0.25603009162154083
1504976,Nova Ipixuna,0.4795398940541275,-0.4734277590296836,0.273037572374411,0.44914180196127135,-0.6011948920566379,-0.6808562622963725,-1.4058272586018932,0.9072316379850762,1.2779681780055363,0.6364325403197072
1505007,Nova Timboteua,-0.5575918895689932,-0.11533869542358857,-0.24640214905940705,-0.8654742771517625,-1.9463979413346593,-2.082367344793578,0.522051864958755,-0.6732329093972507,0.008795718517373926,0.4913768995789347
1505031,Novo Progresso,-1.018728474924619,1.338885593419485,2.30500874162757,-0.015746620669087608,-0.13210495640171366,1.2396757983864692,1.3613356887709551,1.2911798367138538,0.1139437808631152,0.42300787463803274
1505064,Novo Repartimento,0.30832571978948287,-0.5855014354254842,-0.19505481843385777,0.28433153487213153,0.31055361124791364,0.5594159974681943,-0.38068214527893157,0.5778231409402445,-0.3778630145943448,-0.7885869240620595
1505106,Óbidos,-0.05010280133481546,0.7894512286498275,-0.5056700086264434,0.9018402122671136,0.42841708535363127,-0.4347410130153969,-0.9733595431177875,0.45861224576919857,1.0869705524675102,-0.7939347479019375
1505205,Oeiras do Pará,0.7561975402541327,-0.9927935764736386,-1.3737382169571501,0.8626038155236607,1.5062094661624894,1.0828549821935478,-2.121921900997884,-0.7324403577134123,0.19225195283257743,0.4354934757009202
1505304,Oriximiná,-0.5011089365426125,0.9999310599297471,-0.16608154472701112,0.8273929636139143,0.7012762227672912,0.2027086459152396,-1.3632118219757796,0.6143579464073755,0.9341593199705461,-2.0777919003914302
1505403,Ourém,0.023256036074577064,-0.31488450949415986,-0.31447352223025055,-0.5374033353681903,-0.7150195234546477,-0.8970467537983687,-1.1465607886043034,0.04155347218901654,0.4179833694776043,0.42021419664633775
1505437,Ourilândia do Norte,-1.2071600662543678,-0.16727527716798438,0.7740808470084065,0.37631896908751616,-0.19552451905533683,0.857183479954508,0.40234999974450963,1.1228568244029502,1.2217132798468109,-1.8284703190049216
1505486,Pacajá,0.6955866817240758,-0.2137448503077076,-0.3384295831735086,0.898472084502238,0.4150839642126169,0.7548478375835292,-0.30688912582432265,0.2698857307067575,0.7882221135414791,0.4753754085705819
1505494,Palestina do Pará,-0.3847144481707661,-1.9686546124078077,0.41428793170966005,1.228015425986323,-0.3180498902736282,-0.9720737752883879,-0.7393902587425271,0.7906873583334941,1.1423055775459803,0.5869717984377615
1505502,Paragominas,-1.5582470108371083,0.8468548189988959,1.02873829484674,-0.8963165044005303,-0.4472593377167044,0.6801883276582184,0.0703668993457071,0.73698597555733,0.5351115489131504,-0.4463196839597171
1505536,Parauapebas,-1.793808797533314,1.3880886708615445,2.5197092878171485,-0.6436935134088754,-0.4189342383257476,2.055885609903604,0.25168106782687866,0.7888924010651426,0.7761777516883112,-0.07233006165892479
1505551,Pau D'Arco,-0.044720963136134655,-1.0747987055437338,0.5316726303316256,1.4743187955684018,-0.5676369790304704,-0.6387218982291052,-0.07687860904841157,0.5302926701707101,0.03449201214659006,-2.39189475976379
1505601,Peixe-Boi,0.046242439293676114,-0.8424508398451238,-0.0354532124137729,-0.1749416269783115,-1.4724560950560388,-1.7029672668208125,1.3656042923768643,-0.5505955156215394,-0.2948374481631688,0.46815165327888614
1505635,Piçarra,0.9939133573775837,0.19628079504278323,0.45135202599922963,0.42023051397661865,-0.37881520784982525,0.18873104773480548,-0.7488989249230884,0.808408972179935,0.042705899224182865,0.6686353565432264
1505650,Placas,0.9007619811446204,0.0678060928329649,0.12916560636989957,0.6186901541937003,0.08604374619366507,0.3997120213492771,-0.09841287214409929,1.3267470246820996,0.05591988110360893,0.6088530269620629
1505700,Ponta de Pedras,0.4256195550900987,0.2728189155082088,-0.8601293103566912,-0.3179350652898692,0.11606662098072375,-0.08489089355995647,0.02270931679819775,-0.13405822321733848,0.5879558140044732,0.4707547939982856
1505809,Portel,0.6181357834201745,-2.7695713729924294,-1.157817267662915,0.9257346765454266,2.5956173173133132,1.6023897517352705,0.130447773687687,-0.9406807602653887,-0.10833190896562915,0.35919694956283116
1505908,Porto de Moz,0.6093500507426132,-0.39962314286659434,-1.2633143360432257,0.380503747251546,1.5702875624768977,1.994364147621767,0.3765109177553695,-1.6791101573972753,-0.9647712527655987,0.01778725508788922
1506005,Prainha,0.4624662508825793,0.3493570359736344,-1.4136499184909181,0.6875272674422784,1.3396958356422084,0.9876101061514817,-0.9285852003318502,-1.1919892649151185,-0.616820361578733,0.33380369407704824
1506104,Primavera,-0.24242581431719068,-0.1618082685633118,-0.21498806914324797,-0.40609996844001994,-0.8065460406510205,-1.4667670878983066,1.07350859187598,-1.3092205928826726,-0.751220692363125,0.3685759725800348
1506112,Quatipuru,-1.1568647750704228,-1.0966667399624273,-0.5204504462272839,0.23793504905602478,-0.922211762408077,-1.4256669002123483,1.4239204820631521,-0.5793369089976931,0.18298986239938805,0.29737007845291097
1506138,Redenção,-1.7438030413059746,0.8468548189988959,2.398934580571137,-0.7635019273457194,-0.7139547304495251,-0.03334944841453055,0.1299934510696825,1.602195129978951,1.4468075497398645,0.3563801205101758
1506161,Rio Maria,-0.8043363297199757,-0.04153407926049932,1.2409076345970311,-0.5701794973680537,-1.0324001771669675,-0.8167955280568809,0.27064327539343797,1.3453608687637937,-0.43893899877193693,0.6303342193197818
1506187,Rondon do Pará,-0.2665990678138748,0.3165549843455957,0.8211793668251518,-2.6362669469451325,-1.5429406410052138,-0.5319177401822439,0.752505142125563,0.33395338350333503,0.816998865597343,0.35058232170209674
1506195,Rurópolis,0.00758891003515258,0.004935493879220852,-0.1469618960873917,0.8895453641762295,0.6348942029073563,0.20423133939527513,0.07091437238820299,0.6407752885536381,0.6736351735875901,0.41144379563585154
1506203,Salinópolis,-1.5669671496934556,0.9343269566736667,0.5001229500705042,-1.1122222531580879,-0.9351049365801498,-0.6001151096793339,1.2593555745515772,-1.184532142100025,-0.667212878809147,0.1940533855243537
1506302,Salvaterra,-0.6508749523491701,1.4236242267919195,-0.18560799440151618,-0.26053735436819186,-0.4983273636586158,-0.5357436820553333,-2.9662090581388365,0.9612858428428596,1.6782108709663948,0.5904677921586292
1506351,Santa Bárbara do Pará,-0.21637019151283104,0.8441213146965597,-0.009101545376188656,-0.2655226108571782,-1.0711567278983372,-0.6784027249806095,-0.3834420645117006,0.04604629969939334,0.8770266864490944,0.4383698827762304
1506401,Santa Cruz do Arari,-1.2253422797348688,1.2514134557447143,-1.103351129103243,-2.417349110937418,0.01978874319243744,0.2392879219042148,-2.998953165105999,1.821315674409674,1.0449971029930158,0.7281482775156438
1506500,Santa Izabel do Pará,-0.9428110816449026,1.079202684697509,0.6759965974860094,-1.3954243033367713,-1.0950718084994366,-0.4521890012068301,-0.2993448622527379,0.2119282118232738,-1.3667876295332162,0.47058974007714793
1506559,Santa Luzia do Pará,0.38256747112866746,-1.0529306711250435,-0.3588148350327717,-0.7029106910329681,-0.3275824811879763,-0.5937270350507159,0.3588267918009324,-0.24140858257920803,-0.277375718448187,-1.6839349412531652
1506583,Santa Maria das Barreiras,0.545318349501002,0.2974204542292386,1.857527603253501,0.8569470757011151,-0.5817776139703588,0.046073695799141924,0.310980913945464,0.7361066223369425,-0.02841470403751042,0.09389692658714217
1506609,Santa Maria do Pará,-0.4393338971253082,-0.6811740860072638,0.13165161269420025,-1.3718552430221127,-1.4187135402504107,-0.9142103762729318,1.1635837873986976,-0.3668081621440934,-1.0687476877525557,-0.7782882030854593
1506708,Santana do Araguaia,-0.9862864610140271,0.38762609620634564,1.6881627723961639,0.36512132937827346,-0.14533490187585196,0.22872286393482277,-0.3791491995487758,1.4421061625556977,0.3407387519672603,0.2870810986699
1506807,Santarém,-0.9651307889760214,1.7297767086536187,1.1744634655657298,-0.9097287401024823,-0.25211496913718695,-0.43528907912391707,0.43347595518544485,-0.24629184787211902,0.01365985289114828,-1.5310792836697038
1506906,Santarém Novo,1.5813888798723197,-0.10713818251657967,-0.09371616063237637,-1.4252349107136817,-0.6369695070076031,-1.3552123227951753,0.62770164337847,-1.1408167823235362,-1.285394439973774,0.2774911065447745
1507003,Santo Antônio do Tauá,-0.27324444407656956,0.7539156727194526,-0.3019078902637869,-0.2786594256853768,-0.9063495212567256,-0.9471742929783367,0.7347333599445903,-0.31001068709459206,-0.3792101184125348,0.4206247063152438
1507102,São Caetano de Odivelas,0.3011918799072094,0.7921847329521639,-0.6926628843288196,-0.3199999761159956,-1.0299433638142328,-1.4750350669844952,0.9272374460536269,-0.791358010216433,-0.42856009233200554,0.4184597910448473
1507151,São Domingos do Araguaia,-0.5121538795076173,-1.0337961410086893,0.7149138964900573,-0.24099215105242006,-0.357078741729183,-0.7024881267581804,-0.2635172220679922,0.5053757977712465,0.44484326255921,0.28698177299414207
1507201,São Domingos do Capim,1.592552963659479,-0.9107884474035405,-1.1033059289882556,0.5696931777002802,0.7977747940726143,0.017078847233851623,-1.2073506706982136,-0.5060454088649972,0.10628473211608319,0.4779880196499517
1507300,São Félix do Xingu,-0.009006322698129003,0.43956267795074144,0.977436164336178,0.17076674456539004,-0.2646729213346028,1.2201256979658752,-0.016740802168522553,0.4840722838746775,0.1769543943775366,-1.6887648421696762
1507409,São Francisco do Pará,0.5389568241559276,0.44229618225307776,-0.37282687067882847,-0.6948134783714989,-1.2990301208363417,-1.4505413291805351,0.9562580981918793,-0.696808245446244,-0.3351022508332885,0.32508512574035514
1507458,São Geraldo do Araguaia,-0.5146941831595914,-0.11533869542358857,0.3982870910041632,0.1360941114404872,-0.14284115354303095,-0.32872331448394065,-0.5508841531257017,1.0799196550598908,1.0868185857227228,-0.7710245044440176
1507466,São João da Ponta,2.1851698981636556,0.8003852458591728,-0.8967866036113751,1.421477751397095,-0.7627415523922593,-1.8119351200705265,0.7750920310620819,-2.7687380639048915,-2.447399664814863,0.1538758269195285
1507474,São João de Pirabas,-0.09800506939601551,-0.7194431462399781,-0.6343999361102161,-0.08617834956002127,-0.6139472773763194,-1.3494610119519448,1.3789979607521128,-1.1299431090836145,-0.516472813975634,0.3508639507108513
1507508,São João do Araguaia,1.0884881411066856,-1.837446405895647,-0.35944763664259355,1.6027008954142865,-0.15989604665609067,-0.7413526312508911,-1.2167020239201554,0.43220081511049474,0.4925864628856367,0.4311933187126825
1507607,São Miguel do Guamá,-0.5535235679352667,0.0568720756236197,-0.11297140961695748,-0.6800886676968179,-0.15303004208475096,-0.3405533820390019,-1.3367145186480902,-0.6140198473463961,0.14102920537954808,0.4814457278166027
1507706,São Sebastião da Boa Vista,0.9089761580311351,0.42316165213672363,-1.0080240865950698,0.07093278547313102,1.1328128344860198,0.6608947121945755,1.3913701654306951,-0.4169985351372812,-0.6175495234948414,0.38537235354081306
1507755,Sapucaia,-1.099378666432627,-0.40509015147127,0.07460906758025326,-0.7986866481540772,0.28059181606953976,0.6910091463531175,0.5262474769622172,-0.042888079710871635,0.2805661301758956,0.44957445293195314
1507805,Senador José Porfírio,1.0519510947564061,-0.5608998967044544,-0.6181730948297826,1.4260470075358531,0.6835794783808093,1.4603199526503587,-1.0703846522402183,0.3399635018247615,-0.6604222703006762,-1.645916114526084
1507904,Soure,-1.6347605762352952,1.7188426914442734,-0.1645899409324312,-0.7113885575472091,-0.6711386806429722,-1.0276431023933856,-2.485323210657558,0.7602094966360148,1.5310945902246755,0.5426556898535044
1507953,Tailândia,-1.3060583871653781,0.2591513939965273,0.2948692279132673,-0.5699774121104756,0.5445768556998457,1.6995528721468813,-0.34535153177657557,0.7273799817341837,0.10824794997608989,0.5941871100962807
1507961,Terra Alta,0.24465959422533984,0.49696626829980983,-0.16011512954869048,0.17975591357482554,-0.7183318954406748,-1.1183678728961504,0.8165726951419552,-0.6628124188128147,-1.254297533013148,0.48521607370732467
1507979,Terra Santa,-1.3495547960885514,1.6013020064437973,-0.32663235316182854,0.9538032477499854,0.21158431371229688,0.027715516857143754,1.777060917023028,-1.8980892532324825,-1.0642411036192738,0.12483525755975419
1508001,Tomé-Açu,-0.15151846444883918,0.19354729074044694,-0.24599534802452191,0.3141695093996745,0.47598389402486735,0.6915516055683231,-0.6847726514470802,0.45087340245133717,-2.5063784626306336,-0.01129045516399729
1508035,Tracuateua,1.3094318196658403,-0.8151157968217608,-1.0294489410990406,0.26566752784561043,-0.2973480182168937,-0.7169392013226709,0.404609484534328,-2.8007256526167015,-1.898325451961198,0.0459665951996874
1508050,Trairão,-0.0785405953376291,0.05413857132128036,0.9051611804715176,0.24240721759593403,0.4150716010502105,0.45151519539582535,0.42371143580539,0.31107603323440003,0.41864051388587786,-1.2052652961017378
1508084,Tucumã,-1.3029955535028712,0.6363749877189764,1.611412977147763,-0.273280563201226,-0.3767117250892199,0.42670187536517584,1.2234659107304726,1.0845576928299745,0.5486307869933381,0.6216964879411662
1508100,Tucuruí,-1.680430810867384,0.8468548189988959,1.6275946183132086,-0.7593428222051788,-0.5183462892639048,-0.327102761552363,0.08714092332918001,1.3176322664078786,1.4761542112445767,-0.12724125506202028
1508126,Ulianópolis,-0.544876576777226,0.2591513939965273,-0.20721364936543574,-1.5168886239838046,-0.43370213105119476,0.9762881640774451,0.5269541363449467,0.7377830236427046,0.6006292063915333,0.5782022360661416
1508159,Uruará,0.02518015125128222,0.0186030153909054,0.34183214738505086,0.26718353164554515,0.07740137135413896,0.5668943760322271,0.29353104900428556,0.8627448219772013,1.1656250246546682,0.3337041119146365
1508209,Vigia,-0.8523046200968144,1.0217990943484374,-0.29341026864617836,-0.7736885959761763,-1.1596542950455289,-1.1151875989062647,1.0500059577111216,0.1471635472162405,0.7442473802602475,0.4956742129642216
1508308,Viseu,0.5200633677680121,-1.0529306711250435,-1.1239623815374427,1.0024086532855447,0.9919504148069417,0.0013899942294176599,0.057476765680420726,-1.6159788832021549,-0.9787221923772453,0.19467187038362627
1508357,Vitória do Xingu,0.2257909068737663,-0.5280978450764127,0.3342837281821748,1.210479828606968,0.1199381710925907,0.43579956219070504,-0.006627436149219423,0.30419274833940424,-0.1827536055469741,-1.5929408005562062
1508407,Xinguara,-1.3813467541584799,0.5680373801605628,1.910728138593529,-0.6069941181081536,-0.5122668503302479,0.14942723069460048,0.6150916868734995,0.8802183146213035,0.6497409313688747,0.55970668946144
