scenario,service_type,service_id,weighted_demand,capacity,supply_demand_ratio,supply_mode
reference_network,creas,SITE-0101ec991f50ad,5557.0,1.0,0.00017995321216483713,unit_presence
reference_network,creas,SITE-03a74bcea046c9,1519122.0,1.0,6.582749772565995e-07,unit_presence
reference_network,creas,SITE-040227533e04c2,4937.0,1.0,0.00020255215718047398,unit_presence
reference_network,creas,SITE-04666f8b44bb19,386564.0,1.0,2.586893761447005e-06,unit_presence
reference_network,creas,SITE-08ef9bb419f39f,48907.0,1.0,2.0446970781278752e-05,unit_presence
reference_network,creas,SITE-097e969081cfef,130224.0,1.0,7.679076053569235e-06,unit_presence
reference_network,creas,SITE-0aa0ade6735137,185089.0,1.0,5.402806217549395e-06,unit_presence
reference_network,creas,SITE-12d113cb5eb879,1527453.0,1.0,6.546846285941367e-07,unit_presence
reference_network,creas,SITE-13d3c7226a80e2,1245532.0,1.0,8.028697777335308e-07,unit_presence
reference_network,creas,SITE-154bcbfa675517,540510.0,1.0,1.8501045309059962e-06,unit_presence
reference_network,creas,SITE-15850132cc1049,1290704.0,1.0,7.747709776989922e-07,unit_presence
reference_network,creas,SITE-170969c40c4e1e,42263.0,1.0,2.3661358635212835e-05,unit_presence
reference_network,creas,SITE-1cea477713d69a,105824.0,1.0,9.449652252797097e-06,unit_presence
reference_network,creas,SITE-1f44a6770e0f03,40104.0,1.0,2.4935168561739478e-05,unit_presence
reference_network,creas,SITE-220c7479426e1d,1500403.0,1.0,6.664876036638156e-07,unit_presence
reference_network,creas,SITE-2651a6a3b32c13,200253.0,1.0,4.993682991016365e-06,unit_presence
reference_network,creas,SITE-2764332cfdcaf1,360082.0,1.0,2.777145205814231e-06,unit_presence
reference_network,creas,SITE-2ca7b9f7a0a9bd,87241.0,1.0,1.1462500429843766e-05,unit_presence
reference_network,creas,SITE-2e6d01adca713b,1197832.0,1.0,8.348416138490205e-07,unit_presence
reference_network,creas,SITE-2e8bebb63183fd,54559.0,1.0,1.832878168588134e-05,unit_presence
reference_network,creas,SITE-2f443fb6d4866c,397757.0,1.0,2.514097803432749e-06,unit_presence
reference_network,creas,SITE-313981b443f7cb,173277.0,1.0,5.771106378803881e-06,unit_presence
reference_network,creas,SITE-32cb4e6fb07aa3,86758.0,1.0,1.1526314576177413e-05,unit_presence
reference_network,creas,SITE-38be2a783d09b8,1549172.0,1.0,6.455061155249385e-07,unit_presence
reference_network,creas,SITE-3ab38de29d0b17,1459586.0,1.0,6.851257822423619e-07,unit_presence
reference_network,creas,SITE-3c7fad0168c711,8042.0,1.0,0.00012434717731907486,unit_presence
reference_network,creas,SITE-3d4153acb10262,160357.0,1.0,6.236085733706667e-06,unit_presence
reference_network,creas,SITE-3d89e685fddeae,46178.0,1.0,2.165533370869245e-05,unit_presence
reference_network,creas,SITE-3dad8865f7ad75,12072.0,1.0,8.28363154406892e-05,unit_presence
reference_network,creas,SITE-405fcfc7f8dc0a,87756.0,1.0,1.1395232234832946e-05,unit_presence
reference_network,creas,SITE-41c7744f208cf0,21274.0,1.0,4.7005734699633354e-05,unit_presence
reference_network,creas,SITE-4629879618a3a5,465191.0,1.0,2.1496546579791956e-06,unit_presence
reference_network,creas,SITE-46a7a6b05bc5c8,120394.0,1.0,8.306061763875276e-06,unit_presence
reference_network,creas,SITE-489d3f2e1597dd,362785.0,1.0,2.7564535468666016e-06,unit_presence
reference_network,creas,SITE-49f7d5149fb923,361622.0,1.0,2.7653184817295406e-06,unit_presence
reference_network,creas,SITE-4d84cbcdfaeb79,238681.0,1.0,4.18969251846607e-06,unit_presence
reference_network,creas,SITE-4eb80a52eb70cc,19839.0,1.0,5.040576641967841e-05,unit_presence
reference_network,creas,SITE-521cd93d6c90bd,48449.0,1.0,2.0640260892897688e-05,unit_presence
reference_network,creas,SITE-57118625e55c9b,54169.0,1.0,1.846074322952242e-05,unit_presence
reference_network,creas,SITE-58b07282c62abd,663520.0,1.0,1.5071135760790932e-06,unit_presence
reference_network,creas,SITE-5a4d184fe3798b,77662.0,1.0,1.2876310164559243e-05,unit_presence
reference_network,creas,SITE-5c3ca42a377a16,1359307.0,1.0,7.356689842691901e-07,unit_presence
reference_network,creas,SITE-5fed17be8311cd,1470074.0,1.0,6.802378655768349e-07,unit_presence
reference_network,creas,SITE-621a6568f3847a,46311.0,1.0,2.1593142018095053e-05,unit_presence
reference_network,creas,SITE-6820d86d83d5f3,623840.0,1.0,1.6029751218261093e-06,unit_presence
reference_network,creas,SITE-682378b0f62bee,1492287.0,1.0,6.701123845480125e-07,unit_presence
reference_network,creas,SITE-6a397c878a1720,492750.0,1.0,2.0294266869609335e-06,unit_presence
reference_network,creas,SITE-718b04a4984aea,12072.0,1.0,8.28363154406892e-05,unit_presence
reference_network,creas,SITE-7538dc3e2042a1,555622.0,1.0,1.799784745744409e-06,unit_presence
reference_network,creas,SITE-77cfc28c3d7162,28887.0,1.0,3.461764807698965e-05,unit_presence
reference_network,creas,SITE-7ba48754237a6c,404677.0,1.0,2.4711065862403845e-06,unit_presence
reference_network,creas,SITE-7c28a491e0dd44,27351.0,1.0,3.6561734488684145e-05,unit_presence
reference_network,creas,SITE-7f257fc5e7a118,236800.0,1.0,4.222972972972973e-06,unit_presence
reference_network,creas,SITE-7fc2245b90ad22,1175593.0,1.0,8.506345308282713e-07,unit_presence
reference_network,creas,SITE-7ffb366dafbd48,1470947.0,1.0,6.798341476613366e-07,unit_presence
reference_network,creas,SITE-800dfb53dee0d7,78841.0,1.0,1.2683755913801194e-05,unit_presence
reference_network,creas,SITE-8482b5e961e629,300557.0,1.0,3.327155913853279e-06,unit_presence
reference_network,creas,SITE-849115d03203c2,42119.0,1.0,2.3742254089603267e-05,unit_presence
reference_network,creas,SITE-85408cb28d113b,70656.0,1.0,1.4153079710144928e-05,unit_presence
reference_network,creas,SITE-876adae5ba1f35,62221.0,1.0,1.6071744266405232e-05,unit_presence
reference_network,creas,SITE-87c1b23954be75,1275853.0,1.0,7.837893550432535e-07,unit_presence
reference_network,creas,SITE-8be9431e2cbf3f,1284079.0,1.0,7.787682845058598e-07,unit_presence
reference_network,creas,SITE-8e58f3649b5649,235744.0,1.0,4.2418895072621145e-06,unit_presence
reference_network,creas,SITE-8e7a4adadf8d46,404940.0,1.0,2.4695016545661086e-06,unit_presence
reference_network,creas,SITE-8ece99c53d8d33,228441.0,1.0,4.377497909744748e-06,unit_presence
reference_network,creas,SITE-8f464b897d9bf5,483275.0,1.0,2.0692152501163934e-06,unit_presence
reference_network,creas,SITE-8faae5de6740d5,1491029.0,1.0,6.706777668308263e-07,unit_presence
reference_network,creas,SITE-8ffa800ba16959,1264059.0,1.0,7.911023140533788e-07,unit_presence
reference_network,creas,SITE-95889aee9a1e1f,97366.0,1.0,1.0270525645502536e-05,unit_presence
reference_network,creas,SITE-95ecf92b79f7ed,1486567.0,1.0,6.726908373453736e-07,unit_presence
reference_network,creas,SITE-96d078635ec593,5865.0,1.0,0.00017050298380221653,unit_presence
reference_network,creas,SITE-9828a296519e29,7539.0,1.0,0.00013264358668258389,unit_presence
reference_network,creas,SITE-9958b67601f44e,160196.0,1.0,6.242353117431147e-06,unit_presence
reference_network,creas,SITE-9f16f1e26d395e,33847.0,1.0,2.9544715927556358e-05,unit_presence
reference_network,creas,SITE-a0461040dc485e,50254.0,1.0,1.9898913519321845e-05,unit_presence
reference_network,creas,SITE-a26680bff63d34,1297549.0,1.0,7.706838046193245e-07,unit_presence
reference_network,creas,SITE-a2762970794541,24233.0,1.0,4.12660421738951e-05,unit_presence
reference_network,creas,SITE-a370b9c1e47a5b,4978.0,1.0,0.0002008838891120932,unit_presence
reference_network,creas,SITE-a5d71af4bca7e3,1439497.0,1.0,6.946871025087235e-07,unit_presence
reference_network,creas,SITE-a7d0ef935ff389,144697.0,1.0,6.910993317069462e-06,unit_presence
reference_network,creas,SITE-a800a98c78e24e,72784.0,1.0,1.3739283358979996e-05,unit_presence
reference_network,creas,SITE-ac28a9dd7d5358,2317.0,1.0,0.00043159257660768235,unit_presence
reference_network,creas,SITE-ad091910edcda8,1529931.0,1.0,6.536242484138174e-07,unit_presence
reference_network,creas,SITE-ae02c0a2fce064,11688.0,1.0,8.555783709787816e-05,unit_presence
reference_network,creas,SITE-ae105c95910e0f,203862.0,1.0,4.905279061325799e-06,unit_presence
reference_network,creas,SITE-b0c3a663741735,1510836.0,1.0,6.618852079246192e-07,unit_presence
reference_network,creas,SITE-b1d080ac7bbab0,440584.0,1.0,2.269714742251194e-06,unit_presence
reference_network,creas,SITE-b24c937dbc126d,115303.0,1.0,8.672801228068655e-06,unit_presence
reference_network,creas,SITE-b60868244ae0ee,198804.0,1.0,5.030079877668457e-06,unit_presence
reference_network,creas,SITE-b701e36715ac01,1556479.0,1.0,6.42475741722182e-07,unit_presence
reference_network,creas,SITE-b74fc51efde375,1484000.0,1.0,6.738544474393531e-07,unit_presence
reference_network,creas,SITE-b7bb9725bd30d9,1629554.0,1.0,6.136648432638624e-07,unit_presence
reference_network,creas,SITE-ba66b0a5f762a5,6424.0,1.0,0.00015566625155666251,unit_presence
reference_network,creas,SITE-ba7cbfa3971828,475586.0,1.0,2.102669128191326e-06,unit_presence
reference_network,creas,SITE-bc232495f2fe13,124237.0,1.0,8.049131901124463e-06,unit_presence
reference_network,creas,SITE-be97cdb98481c5,24500.0,1.0,4.0816326530612245e-05,unit_presence
reference_network,creas,SITE-c0eacfa166c259,84699.0,1.0,1.180651483488589e-05,unit_presence
reference_network,creas,SITE-c2e03dde9eeca9,115589.0,1.0,8.65134225575098e-06,unit_presence
reference_network,creas,SITE-c44cc1a5631a28,1228219.0,1.0,8.141870464469285e-07,unit_presence
reference_network,creas,SITE-c4fb244ea6f297,15235.0,1.0,6.563833278634722e-05,unit_presence
reference_network,creas,SITE-c584d6b85f5ea2,13296.0,1.0,7.521058965102287e-05,unit_presence
reference_network,creas,SITE-c5e71ea1321f2b,268195.0,1.0,3.7286302876638265e-06,unit_presence
reference_network,creas,SITE-c63b9024532a17,43933.0,1.0,2.2761932943345547e-05,unit_presence
reference_network,creas,SITE-c7281d7fe8ef6f,459638.0,1.0,2.175625165891419e-06,unit_presence
reference_network,creas,SITE-c7bd6774e6fb8f,160452.0,1.0,6.232393488395283e-06,unit_presence
reference_network,creas,SITE-c93228f4fa5961,222648.0,1.0,4.491394488160684e-06,unit_presence
reference_network,creas,SITE-ca24dda69dd327,1274270.0,1.0,7.847630407998305e-07,unit_presence
reference_network,creas,SITE-ca4f7893017a6a,427710.0,1.0,2.338032779219565e-06,unit_presence
reference_network,creas,SITE-cc47e07831599b,7656.0,1.0,0.00013061650992685477,unit_presence
reference_network,creas,SITE-cd8df6fc331a80,240329.0,1.0,4.16096268032572e-06,unit_presence
reference_network,creas,SITE-d2a05deed7c913,1143255.0,1.0,8.746954966302356e-07,unit_presence
reference_network,creas,SITE-d4596ca2f522d7,6120.0,1.0,0.0001633986928104575,unit_presence
reference_network,creas,SITE-d7631bd0ed1082,27152.0,1.0,3.682969946965233e-05,unit_presence
reference_network,creas,SITE-d863ab37b00e21,153903.0,1.0,6.4975991371188345e-06,unit_presence
reference_network,creas,SITE-dae09504af11b1,1334.0,1.0,0.0007496251874062968,unit_presence
reference_network,creas,SITE-dcce6bc749780e,114114.0,1.0,8.7631666579035e-06,unit_presence
reference_network,creas,SITE-de5496eac0b0b5,117006.0,1.0,8.546570261354118e-06,unit_presence
reference_network,creas,SITE-de69a06a8a5ef5,1223895.0,1.0,8.170635552886481e-07,unit_presence
reference_network,creas,SITE-e2b76b15515a1c,145016.0,1.0,6.895790809290009e-06,unit_presence
reference_network,creas,SITE-e4507508d8d838,10655.0,1.0,9.385265133740028e-05,unit_presence
reference_network,creas,SITE-e8e14df8d38b87,165458.0,1.0,6.043829854101947e-06,unit_presence
reference_network,creas,SITE-e9cb975bb01933,477432.0,1.0,2.0945391176125606e-06,unit_presence
reference_network,creas,SITE-ea1e8ced1fee83,219616.0,1.0,4.553402302200204e-06,unit_presence
reference_network,creas,SITE-eb5783337ed8ee,1402711.0,1.0,7.129052242407738e-07,unit_presence
reference_network,creas,SITE-ec2d8e1289d12b,74012.0,1.0,1.351132248824515e-05,unit_presence
reference_network,creas,SITE-f2174875dab17d,1231276.0,1.0,8.121655908179807e-07,unit_presence
reference_network,creas,SITE-fc126190258579,37423.0,1.0,2.6721534884963792e-05,unit_presence
reference_network,creas,SITE-fc2b38cbbb60b6,1300394.0,1.0,7.689977037728566e-07,unit_presence
reference_network,creas,SITE-ff0099ea4f14fa,1420105.0,1.0,7.041732829614712e-07,unit_presence
reference_network,creas,SITE-ffb2f06fcc51b0,10162.0,1.0,9.8405825624877e-05,unit_presence
reference_network,creas,SITE-ffb915f82524e6,67516.0,1.0,1.4811303987203034e-05,unit_presence
reference_network,health,SITE-006e821a065971,1467764.0,1.0,6.81308439231375e-07,unit_presence
reference_network,health,SITE-0a2b2e0c082b9d,46351.0,1.0,2.15745075618649e-05,unit_presence
reference_network,health,SITE-0ad15b4ef7d9c9,290589.0,1.0,3.441286490541624e-06,unit_presence
reference_network,health,SITE-0bc277425d526d,46311.0,1.0,2.1593142018095053e-05,unit_presence
reference_network,health,SITE-11255cd7680d88,28524.0,1.0,3.5058196606366565e-05,unit_presence
reference_network,health,SITE-1462ebd3576b1c,87646.0,1.0,1.1409533806448668e-05,unit_presence
reference_network,health,SITE-198118f05c2209,46311.0,1.0,2.1593142018095053e-05,unit_presence
reference_network,health,SITE-1d1d8df114a006,46311.0,1.0,2.1593142018095053e-05,unit_presence
reference_network,health,SITE-1d2833b582b2f7,540510.0,1.0,1.8501045309059962e-06,unit_presence
reference_network,health,SITE-1faedaf402f505,21274.0,1.0,4.7005734699633354e-05,unit_presence
reference_network,health,SITE-2510152617fff3,46311.0,1.0,2.1593142018095053e-05,unit_presence
reference_network,health,SITE-25d38c9841ea05,46311.0,1.0,2.1593142018095053e-05,unit_presence
reference_network,health,SITE-260d10dc753430,1433366.0,1.0,6.976585184802765e-07,unit_presence
reference_network,health,SITE-266b07c1dcc19a,46311.0,1.0,2.1593142018095053e-05,unit_presence
reference_network,health,SITE-3319862883238d,438802.0,1.0,2.2789321835360824e-06,unit_presence
reference_network,health,SITE-340bdeaf2da1c1,46311.0,1.0,2.1593142018095053e-05,unit_presence
reference_network,health,SITE-345d1735a1431b,70656.0,1.0,1.4153079710144928e-05,unit_presence
reference_network,health,SITE-383b76354e7ecd,236460.0,1.0,4.22904508162057e-06,unit_presence
reference_network,health,SITE-3a7d0f74034b1e,21274.0,1.0,4.7005734699633354e-05,unit_presence
reference_network,health,SITE-437948a5f3310d,73589.0,1.0,1.3588987484542527e-05,unit_presence
reference_network,health,SITE-4e481c4630e914,1458056.0,1.0,6.85844713783284e-07,unit_presence
reference_network,health,SITE-4f6fb92dcd651a,1426767.0,1.0,7.00885288207535e-07,unit_presence
reference_network,health,SITE-4f8617e8295172,439241.0,1.0,2.276654501742779e-06,unit_presence
reference_network,health,SITE-501aa2406602c6,1328722.0,1.0,7.526028770502784e-07,unit_presence
reference_network,health,SITE-55dc5010f87780,46311.0,1.0,2.1593142018095053e-05,unit_presence
reference_network,health,SITE-56f327f7e1e86d,43916.0,1.0,2.2770744147918755e-05,unit_presence
reference_network,health,SITE-5b7ca3b90df7a7,41495.0,1.0,2.4099289070972408e-05,unit_presence
reference_network,health,SITE-5dc130a7f05990,1458331.0,1.0,6.857153828588982e-07,unit_presence
reference_network,health,SITE-63f2baead1ab6f,28524.0,1.0,3.5058196606366565e-05,unit_presence
reference_network,health,SITE-6833cf1aa68415,42119.0,1.0,2.3742254089603267e-05,unit_presence
reference_network,health,SITE-6a397a27e76eb1,78841.0,1.0,1.2683755913801194e-05,unit_presence
reference_network,health,SITE-6d1161af25b828,1400024.0,1.0,7.14273469597664e-07,unit_presence
reference_network,health,SITE-6d3b8fa9b77dc3,46311.0,1.0,2.1593142018095053e-05,unit_presence
reference_network,health,SITE-6fd9280eafa71e,1423263.0,1.0,7.02610831589102e-07,unit_presence
reference_network,health,SITE-7114834a1e639c,160196.0,1.0,6.242353117431147e-06,unit_presence
reference_network,health,SITE-7653dfbe5f3d83,42119.0,1.0,2.3742254089603267e-05,unit_presence
reference_network,health,SITE-78ecd49dcfd1e0,1420996.0,1.0,7.03731748717097e-07,unit_presence
reference_network,health,SITE-7ddca9f367e54d,28887.0,1.0,3.461764807698965e-05,unit_presence
reference_network,health,SITE-7e98e99d50790b,46311.0,1.0,2.1593142018095053e-05,unit_presence
reference_network,health,SITE-899bb09f939fde,74012.0,1.0,1.351132248824515e-05,unit_presence
reference_network,health,SITE-89e1d82b659f13,412924.0,1.0,2.4217531555443617e-06,unit_presence
reference_network,health,SITE-8a4a323eae0b00,46311.0,1.0,2.1593142018095053e-05,unit_presence
reference_network,health,SITE-9dae26521ecaf6,46311.0,1.0,2.1593142018095053e-05,unit_presence
reference_network,health,SITE-a0f917d271e40c,9740.0,1.0,0.0001026694045174538,unit_presence
reference_network,health,SITE-a6129e7c80f272,46311.0,1.0,2.1593142018095053e-05,unit_presence
reference_network,health,SITE-aea16e8a747148,1243070.0,1.0,8.044599258287948e-07,unit_presence
reference_network,health,SITE-afc75d9c6954cd,375852.0,1.0,2.6606217340868216e-06,unit_presence
reference_network,health,SITE-b82374804b95c8,28524.0,1.0,3.5058196606366565e-05,unit_presence
reference_network,health,SITE-b865a6b07e70b1,46311.0,1.0,2.1593142018095053e-05,unit_presence
reference_network,health,SITE-bd472efcfc7d19,160196.0,1.0,6.242353117431147e-06,unit_presence
reference_network,health,SITE-bf0f36d7946727,19839.0,1.0,5.040576641967841e-05,unit_presence
reference_network,health,SITE-c2ef7b8180d1c4,113565.0,1.0,8.805529872760094e-06,unit_presence
reference_network,health,SITE-c4260ccc3cb551,1541429.0,1.0,6.487486611449506e-07,unit_presence
reference_network,health,SITE-c8e5eb2e24bb68,613593.0,1.0,1.6297447982620401e-06,unit_presence
reference_network,health,SITE-d25dfe77147b49,1222089.0,1.0,8.182710097218778e-07,unit_presence
reference_network,health,SITE-d4509d810fd04f,85131.0,1.0,1.1746602295286088e-05,unit_presence
reference_network,health,SITE-d529d91f329244,46311.0,1.0,2.1593142018095053e-05,unit_presence
reference_network,health,SITE-dd56ad7220a31c,443080.0,1.0,2.256928771327977e-06,unit_presence
reference_network,health,SITE-e089b6f5775522,182728.0,1.0,5.472615034368022e-06,unit_presence
reference_network,health,SITE-e0c2a641d9f9ab,46311.0,1.0,2.1593142018095053e-05,unit_presence
reference_network,health,SITE-e32df4265d50dd,1431419.0,1.0,6.986074657385433e-07,unit_presence
reference_network,health,SITE-e592d1cbf2b556,1366038.0,1.0,7.320440573395469e-07,unit_presence
reference_network,health,SITE-e654c99b346dfd,1282366.0,1.0,7.798085725916002e-07,unit_presence
reference_network,health,SITE-ee52be44357c7e,415237.0,1.0,2.4082632328043983e-06,unit_presence
reference_network,health,SITE-efe264aa06674f,436139.0,1.0,2.2928470051978843e-06,unit_presence
reference_network,health,SITE-f33d2ab21a56ac,46311.0,1.0,2.1593142018095053e-05,unit_presence
reference_network,health,SITE-f994cc726360e3,46311.0,1.0,2.1593142018095053e-05,unit_presence
reference_network,specialized_justice,SITE-297435db9d61e6,1405467.0,1.0,7.11507278363704e-07,unit_presence
reference_network,specialized_justice,SITE-5a748dd40b6d39,1498034.0,1.0,6.675415911788384e-07,unit_presence
reference_network,specialized_justice,SITE-a44c74ed1d0e16,366243.0,1.0,2.7304276122683573e-06,unit_presence
reference_network,specialized_justice,SITE-a865b3282c5d87,1405431.0,1.0,7.11525503564387e-07,unit_presence
reference_network,specialized_justice,SITE-b15c9e04c7f4d1,1622279.0,1.0,6.164167815770284e-07,unit_presence
reference_network,specialized_justice,SITE-e20b1733fea276,160196.0,1.0,6.242353117431147e-06,unit_presence
reference_network,specialized_security,SITE-077bef27f16e42,1284079.0,1.0,7.787682845058598e-07,unit_presence
reference_network,specialized_security,SITE-27c2bf085b0918,349417.0,1.0,2.8619099814834425e-06,unit_presence
reference_network,specialized_security,SITE-42685ccb15312f,42263.0,1.0,2.3661358635212835e-05,unit_presence
reference_network,specialized_security,SITE-474fd854f1e052,46311.0,1.0,2.1593142018095053e-05,unit_presence
reference_network,specialized_security,SITE-508f5d1d2f1555,54559.0,1.0,1.832878168588134e-05,unit_presence
reference_network,specialized_security,SITE-5a593f680b62ba,1414628.0,1.0,7.068996230811209e-07,unit_presence
reference_network,specialized_security,SITE-5b10a739a2e18c,236449.0,1.0,4.229241823818244e-06,unit_presence
reference_network,specialized_security,SITE-77660378432edd,1270305.0,1.0,7.872125198279154e-07,unit_presence
reference_network,specialized_security,SITE-8f79adaa64bf3a,114027.0,1.0,8.769852754172257e-06,unit_presence
reference_network,specialized_security,SITE-a18a390929c4b9,1622148.0,1.0,6.164665616207646e-07,unit_presence
reference_network,specialized_security,SITE-b39f6769e4adb4,97216.0,1.0,1.0286372613561553e-05,unit_presence
reference_network,specialized_security,SITE-b9b3e556aa1881,1457115.0,1.0,6.862876300086129e-07,unit_presence
reference_network,specialized_security,SITE-c2fd7554ea8928,153214.0,1.0,6.526818698030206e-06,unit_presence
reference_network,specialized_security,SITE-c5e1291904dd89,397123.0,1.0,2.518111517086646e-06,unit_presence
reference_network,specialized_security,SITE-ce121ba3229e3b,160196.0,1.0,6.242353117431147e-06,unit_presence
reference_network,specialized_security,SITE-d2962e0053d82b,1239069.0,1.0,8.070575569237871e-07,unit_presence
reference_network,specialized_security,SITE-d4bf224d96af65,1498034.0,1.0,6.675415911788384e-07,unit_presence
reference_network,specialized_security,SITE-d62be689b55e61,12072.0,1.0,8.28363154406892e-05,unit_presence
reference_network,specialized_security,SITE-ef10fd187a62ff,74203.0,1.0,1.3476544075037398e-05,unit_presence
reference_network,specialized_security,SITE-f2de8519aae400,311165.0,1.0,3.213729050503752e-06,unit_presence
reference_network,specialized_security,SITE-f920530023c9ac,28887.0,1.0,3.461764807698965e-05,unit_presence
